"extension","keyword","description","parms_form","answer_form","n_fields"
"ardwrd3","BBClear","","","BBClear",1
"ardwrd3","BBOut","","","BBOut",1
"ardwrd3","BBType1","Specify a type 1 bark beetle outbreak.  A beetle outbreak of type 1 occurs when the density and diameter of trees of a given species exceed user-defined minimums;  at this point both root disease infected and uninfected trees in the stand may potentially be killed. Examples of type 1 bark beetles are mountain pine beetle (Dendroctonus ponderosae) on lodgepole pine and western pine beetle (D. brevicomis) on ponderosa pine.","","BBType1   !1,10!!3,10!!4,10!!5,10!!6,10!!2,10!",6
"ardwrd3","BBType2","Specify a type 2 bark beetle outbreak.  A beetle outbreak of type 2 occurs when the number of windfallen trees/acre exceeds a user-defined minimum;  at this point both root disease infected and uninfected trees in the stand may potentially be killed. An example of a type 2 bark beetle is the Douglas-fir beetle (D. psuedotsugae) on Douglas-fir.","","BBType2   !1,10!!3,10!!4,10!!5,10!!6,10!!2,10!",6
"ardwrd3","BBType3","Specify a type 3 bark beetle outbreak.  A beetle outbreak of type 3 occurs when the density of trees of a given species with a sufficient proportion of their root systems infected exceeds a user-defined minimum; at this point only trees infected by Annosus may potentially be killed. An example of a type 3 bark beetle is fir engraver (Scolytus ventralis) on grand fir.","","BBType3   !1,10!!3,10!!4,10!!5,10!!6,10!!2,10!!7,10!",7
"ardwrd3","BBType4","Specify a type 4 bark beetle outbreak.  A beetle outbreak of type 4 occurs when the density of trees of a given species with a sufficient proportion of their root systems infected exceeds a user-defined minimum; at this point trees infected or not infected by Annosus may potentially be killed. An example of a type 4 bark beetle is mountain pine beetle on ponderosa pine (Dendroctonus ponderosae).","","BBType4   !1,10!!3,10!!4,10!!5,10!!6,10!!2,10!!7,10!
!8,10!!9,10!!10,10!",10
"ardwrd3","Borate","Simulates the application of borax to stumps (to prevent the colonization of spores) after each harvest.","Borate    !1,10!!2,10!!3,10!","",3
"ardwrd3","DNSCalc","Alters the method by which the outbreak stand density threshold is computed for bark beetle type 1.  The default outbreak density is calculated by determining the trees/acre of all trees that exceed a user-defined minimum DBH. Note: If the SDI method is used to calculate the outbreak density threshod, then field 3 of the BBType1 keyword is no longer used for tree density calculation, but is still used to deternime which trees are subject to beetle attack.","DNSCalc   !1,10!!2,10!!3,10!!4,10!","",4
"ardwrd3","InfColo","Modifies the proportion of root system which is colonized after death. The spread of root disease is assumed to reach a maximum amount within 5 years of tree death.","","InfColo   !1,10!!2,10!!3,10,types!",3
"ardwrd3","InfKill","Modify the proportion of the root system that must be infected before tree death occurs.","","InfKill   !1,10!!2,10!!3,10!",3
"ardwrd3","InfMult","Change the probability of root disease transmission","","InfMult   !1,10!!2,10!!3,10!!4,10!",4
"ardwrd3","InfSims","Change the number of times to simulate the inside-center infection dynamics.  Print results of inside-center simulation.","","InfSims   !1,10!!2,10!        25
Open              25         0         3       132
!3!",3
"ardwrd3","InocLife","Changes the default rate and patterns of decay of the inoculum in the infected roots of dead stumps and trees. An example for a 12 inch DBH infected dead tree (stump) using the default values above for both P-Type and S-Type Annosus root disease is: Annual decay rate of 1.2474 feet (decay = F1 * radius + F2 = 0.02212 * 2.0004 + 1.2032 = 1.2474) Root radius decay stalls at 2.0004 feet (radius = F3 *dbh + F4 = 0.1667 * 12 + 0.0 = 2.0004) Inoculum remains in stalled root radius for 24 years (years = F5 * dbh + F6 = 2.0 * 12 + 0.0 = 24.0) Stump and dead tree infected root system information is stored (and decayed) in five DBH size classes (upper boundaries of: 12"", 24"", 48"",  100"", >100"").","InocLife  !1,10!!2,10!!3,10!!4,10!!5,10!!6,10!!7,10!","",7
"ardwrd3","InocSpan","Specify the minimum life span of inoculum for P and S type Annosus.","InocSpac  !1,10!!2,10!","",2
"ardwrd3","PlotInf","Identifies which sub-plots are inside Annosus root disease centers, and specifies the proportion of the trees in each plot which are infected.","","PlotInf   !1,10,types!
!2,4!!3,5!
!4,4!!5,5!
!6,4!!7,5!
!8,4!!9,5!
!10,4!!11,5!
!12,4!!13,5!
!14,4!!15,5!
!16,4!!17,5!
!18,4!!19,5!
!20,4!!21,5!
!22,4!!23,5!",23
"ardwrd3","PlRead","","","PlRead    !1,10,types!
!2,4!
!3,4!
!4,4!
!5,4!
!6,4!
!7,4!
!8,4!
!9,4!
!10,4!
!11,4!
!12,4!",12
"ardwrd3","PStump","Specify a stump pushing management action","PStump    !1,10!!2,10!!3,10!","",3
"ardwrd3","RRComp","Modify the maximum size of the tree list.  Compression (of the tree list) will occur whenever the tree list length is about to exceed the user defined maximum or automatically at the default size (500).","RRComp    !1,10!","",1
"ardwrd3","RREcho","Instructs the model to print machine readable output of the Root Disease Summary Table.","","Open              24         0         3       132
!1!
RREcho            24",1
"ardwrd3","RRHosts","Change the disease type that a tree species can be host. * * Report current host species disease type assignments, * * by leaving Host tree species selection blank.","RRHosts   !1,10!!2,10!","",2
"ardwrd3","RRInit","Specifies the configuration of root disease centers.","","RRInit    !1,10!!2,10!!3,10!!4,10!!5,10!!6,10!!7,10,types!",7
"ardwrd3","RRJump","Specify the extent to which root disease centers will expand through uninfected trees when the stand is thinned or clearcut.","RRJump    !1,10!!2,10!","",2
"ardwrd3","RRMinK","Change the time-to-death value (time from root infection until death of the tree) below which multipliers entered with the TTDMult keyword will not influence mortality.","RRMinK    !1,10!!2,10!","",2
"ardwrd3","RRType","Type of Annosus root disease being simulated.","","RRType    !1,10,first!!2,10,second!",2
"ardwrd3","RSeed","Change the random number generator seed value.","RSeed     !1,10!","",1
"ardwrd3","SArea","Specify the stand area to be simulated.","RArea     !1,10!","",1
"ardwrd3","SDIRMult","Modifies the calculation of root radius based on SDI.  The root radius is multiplied by a value between 0.5 and 1.5 that is calculate from a function of SDI.","SDIRMult  !1,10!!2,10!","",2
"ardwrd3","SMCOut","Instructs the model to write a table of root disease center spread rates from the Monte Carlo Simulation to a seperate file.","","SMCout            26
Open              26         0         3       132
!1!",1
"ardwrd3","Spore","Changes the spore infection parameters for the simulation of spore dynamics. Uninfected stumps of all tree species can become colonized by P and S type spores after harvesting.  This keyword must be entered once for each Annosus root disease type.","","Spore     !1,10!!2,10!!3,10!!4,10!!5,10!!6,10,types!",6
"ardwrd3","Spread","Specify the type of spread model to be simulated","","Spread    !1,10!!2,10!!3,10!!4,10!!5,10!         0",5
"ardwrd3","STRead","Initialize stumps within root disease areas of the stand.  These stumps will serve as inoculum sources from which infection will spread.","","STRead    !1,10!!2,10,classes!!3,10!!4,10,types!!5,10!",5
"ardwrd3","TDistn","Specify the type of spatial distribution in the stand","TDistn    !1,10!!2,10!!3,10!","",3
"ardwrd3","TimeDead","Changes the time since death for dead infected trees and stumps in the inventory.","TimeDead  !1,10!!2,10!!3,10!!4,10!!5,10!","",5
"ardwrd3","TTDMult","Change the time-to-death (time from root infection to death of the tree) multipliers for root disease mortality.","TTDMult   !1,10!!2,10!!3,10!!4,10!","",4
"ardwrd3","WindThr","Specify a windthrow event.","WindThr   !1,10!!2,10!!3,10!","",3
"armwrd3","BBClear","","","BBClear",1
"armwrd3","BBOut","","","BBOut",1
"armwrd3","BBType1","Specify a type 1 bark beetle outbreak.  A beetle outbreak of type 1 occurs when the density and diameter of trees of a given species exceed user-defined minimums;  at this point both root disease infected and uninfected trees in the stand may potentially be killed. Examples of type 1 bark beetles are mountain pine beetle (Dendroctonus ponderosae) on lodgepole pine and western pine beetle (D. brevicomis) on ponderosa pine.","","BBType1   !1,10!!3,10!!4,10!!5,10!!6,10!!2,10!",6
"armwrd3","BBType2","Specify a type 2 bark beetle outbreak.  A beetle outbreak of type 2 occurs when the number of windfallen trees/acre exceeds a user-defined minimum;  at this point both root disease infected and uninfected trees in the stand may potentially be killed. An example of a type 2 bark beetle is the Douglas-fir beetle (D. psuedotsugae) on Douglas-fir.","","BBType2   !1,10!!3,10!!4,10!!5,10!!6,10!!2,10!",6
"armwrd3","BBType3","Specify a type 3 bark beetle outbreak.  A beetle outbreak of type 3 occurs when the density of trees of a given species with a sufficient proportion of their root systems infected exceeds a user-defined minimum; at this point only trees infected by root disease may potentially be killed. An example of a type 3 bark beetle is fir engraver (Scolytus ventralis) on grand fir.","","BBType3   !1,10!!3,10!!4,10!!5,10!!6,10!!2,10!!7,10!",7
"armwrd3","BBType4","Specify a type 4 bark beetle outbreak.  A beetle outbreak of type 4 occurs when the density of trees of a given species with a sufficient proportion of their root systems infected exceeds a user-defined minimum; at this point trees infected or not infected by root disease may potentially be killed. An example of a type 4 bark beetle is mountain pine beetle on ponderosa pine (Dendroctonus ponderosae).","","BBType4   !1,10!!3,10!!4,10!!5,10!!6,10!!2,10!!7,10!
!8,10!!9,10!!10,10!",10
"armwrd3","DNSCalc","Alters the method by which the outbreak stand density threshold is computed for bark beetle type 1.  The default outbreak density is calculated by determining the trees/acre of all trees that exceed a user-defined minimum DBH. Note: If the SDI method is used to calculate the outbreak density threshod, then field 3 of the BBType1 keyword is no longer used for tree density calculation, but is still used to deternime which trees are subject to beetle attack.","DNSCalc   !1,10!!2,10!!3,10!!4,10!","",4
"armwrd3","InfColo","Modifies the proportion of root system which is colonized after death. The spread of root disease is assumed to reach a maximum amount within 5 years of tree death.","","InfColo   !1,10!!2,10!         3",2
"armwrd3","InfKill","Modify the proportion of the root system that must be infected before tree death occurs.","","InfKill            3!1,10!!2,10!",2
"armwrd3","InfMult","Change the probability of root disease transmission","","InfMult   !1,10!         3!2,10!!3,10!",3
"armwrd3","InfSims","Change the number of times to simulate the inside-center infection dynamics.  Print results of inside-center simulation.","","InfSims   !1,10!!2,10!        25
Open              25         0         3       132
!3!",3
"armwrd3","InocLife","Changes the default rate and patterns of decay of the inoculum in the infected roots of dead stumps and trees. An example for a 12 inch DBH infected dead tree (stump) using the default values above for both P-Type and S-Type Annosus root disease is: Annual decay rate of 1.2474 feet (decay = F1 * radius + F2 = 0.02212 * 2.0004 + 1.2032 = 1.2474) Root radius decay stalls at 2.0004 feet (radius = F3 *dbh + F4 = 0.1667 * 12 + 0.0 = 2.0004) Inoculum remains in stalled root radius for 24 years (years = F5 * dbh + F6 = 2.0 * 12 + 0.0 = 24.0) Stump and dead tree infected root system information is stored (and decayed) in five DBH size classes (upper boundaries of: 12"", 24"", 48"",  100"", >100"").","","InocLife  !1,10!!2,10!!3,10!!4,10!!5,10!!6,10!         3",6
"armwrd3","InocSpan","Specify the minimum life span of inoculum for Armillaria.","","InocSpan                      !1,10!",1
"armwrd3","PlotInf","Identifies which sub-plots are inside Armillaria root disease centers, and specifies the proportion of the trees in each plot which are infected.","","PlotInf            3
!1,4!!2,5!
!3,4!!4,5!
!5,4!!6,5!
!7,4!!8,5!
!9,4!!10,5!
!11,4!!12,5!
!13,4!!14,5!
!15,4!!16,5!
!17,4!!18,5!
!19,4!!20,5!
!21,4!!22,5!",22
"armwrd3","PlRead","","","PlRead             3
!1,4!
!2,4!
!3,4!
!4,4!
!5,4!
!6,4!
!7,4!
!8,4!
!9,4!
!10,4!
!11,4!",11
"armwrd3","PStump","Specify a stump pushing management action","PStump    !1,10!!2,10!!3,10!","",3
"armwrd3","RRComp","Modify the maximum size of the tree list.  Compression (of the tree list) will occur whenever the tree list length is about to exceed the user defined maximum or automatically at the default size (500).","RRComp    !1,10!","",1
"armwrd3","RREcho","Instructs the model to print machine readable output of the Root Disease Summary Table.","","Open              24         0         3       132
!1!
RREcho            24",1
"armwrd3","RRInit","Specifies the configuration of root disease centers.","","RRInit    !1,10!!2,10!!3,10!!4,10!!5,10!!6,10!         3",6
"armwrd3","RRJump","Specify the extent to which root disease centers will expand through uninfected trees when the stand is thinned or clearcut.","","RRJump                        !1,10!",1
"armwrd3","RRMinK","Change the time-to-death value (time from root infection until death of the tree) below which multipliers entered with the TTDMult keyword will not influence mortality.","","RRMink                        !1,10!",1
"armwrd3","RSeed","Change the random number generator seed value.","RSeed     !1,10!","",1
"armwrd3","SArea","Specify the stand area to be simulated.","SArea     !1,10!","",1
"armwrd3","SDIRMult","Modifies the calculation of root radius based on SDI.  The root radius is multiplied by a value between 0.5 and 1.5 that is calculate from a function of SDI.","SDIRMult  !1,10!!2,10!","",2
"armwrd3","SMCOut","Instructs the model to write a table of root disease center spread rates from the Monte Carlo Simulation to a seperate file.","","SMCout            26
Open              26         0         3       132
!1!",1
"armwrd3","Spread","Specify the type of spread model to be simulated","","Spread    !1,10!!2,10!!3,10!          !4,10!         3",4
"armwrd3","STRead","Initialize stumps within root disease areas of the stand.  These stumps will serve as inoculum sources from which infection will spread.","","STRead    !1,10!!2,10,classes!!3,10!         3!4,10!",4
"armwrd3","TDistn","Specify the type of spatial distribution in the stand","TDistn    !1,10!!2,10!!3,10!","",3
"armwrd3","TimeDead","Changes the time since death for dead infected trees and stumps in the inventory.","TimeDead    !1,10!!2,10!!3,10!!4,10!!5,10!","",5
"armwrd3","TTDMult","Change the time-to-death (time from root infection to death of the tree) multipliers for root disease mortality.","","TTDMult   !1,10!         3!2,10!!3,10!",3
"armwrd3","WindThr","Specify a windthrow event.","WindThr   !1,10!!2,10!!3,10!","",3
"base","AddFile","USAGE: Use the Open keyword, prior to this keyword, to Open the file refered to with the data set reference number. WARNING: When you used this keyword, you specify a number that refers to a data set that FVS will read.  System does not insure that the file is present nor that it contains correct FVS input.","AddFile   !1,10!","",1
"base","ATRTList","Prints a list of tree records representing stand conditions after a scheduled treatment to an output treelist file Do not use this keyword when using the R1 Existing Vegetation Classifier or Elk Hiding Cover post processors.","ATRTList  !1,10!!2,10!!3,10,header!","ATRTList  !1,10!!2,10!!3,10,header!",3
"base","BAIMult","BAIMult is a multiplier to change the large tree basal area increment prediction. This keyword remains in effect until replaced by a subsequent multiplier.","* Args: Species, Multiplier
BAIMult   !1,10!   Parms(!2!, !3!)\n","",3
"base","BAMax","BAMax modifies the maximum density for the stand and the mortality distribution pattern. NI, IE, KT, and CI maximum basal area are assigned by habitat type.  Default is for default habitat type (habitat type 260 for NI, IE, KT, and CI).","BAMax     !1,10!","",1
"base","BFDefect","Specifies species specific board foot volume defect corrections for board foot volume estimates.  In the eastern US this also specifies sawlog cubic foot volume defect.  Defect proportions are specified by species for the following five DBH's: 5, 10, 15, 20, 25+ inches.  A linear interpolation function calculates the defect proportion for the specified DBH of the tree. For each of the DBH classes, enter a defect correction proportion between 0 and 1.  For example, if the expected defect correction for a 5 inch tree was 35 percent, a value of .35 would be entered. For trees greater than 25 inches DBH, a constant value for defect correction is applied.","*Args: Species, 5"" defect, 10"", 15"", 20"", 25+""
BFDefect  !1,10!   Parms(!2!, !3!, !4!,     &
!5!, !6!, !7!)\n","",7
"base","BFFDLN","Enter the species specific parameters for log-linear form and defect correction equation for board foot volume estimates.  In the eastern US this also affects sawlog cubic foot volume.","BFFDLN    !1,10!!2,10!!3,10!","",3
"base","BFVolume","","BFVolume  !1,10!!2,10!!3,10!!4,10!!5,10!!6,10!!7,10,numbers!","BFVolume  !1,10!!2,10!!3,10!!4,10!!5,10!!6,10!!7,10,numbers!",7
"base","Volume","","Volume     !1,10!!2,10!!3,10!!4,10!!5,10!!6,10!!7,10,numbers!!8,10!!9,10!!10,10!","Volume    !1,10!!2,10!!3,10!!4,10!!5,10!!6,10!!7,10,numbers!!8,10!!9,10!!10,10!",10
"base","CCAdj","Adjusts the percent canopy cover (PCC) overlap correction coefficient for different non-random spatial distributions. The FVS-default overlap correction assumes randomly distributed trees (coefficient=1.0). This keyword remains in effect until a subsequent use of the keyword changes the overlap correction coefficient. Note: If this keyword is meant to correct for systematic bias, applying the overlap correction at inventory (leaving field 1 blank) will initialize the stand canopy cover with the specified overlap correction (field 2). If this keyword is used to change the distribution following a management or disturbance event, the scheduled year should be the same year as the event. Use the free form option if you have developed your own overlap correction and do not want to use the preset categories in the pull down menu. The reference range for the overlap correction is 0.1 – 5.0.","","CCAdj     !1,10!!2,10,dist1!",2
"base","Compute","Use: 1.  Specify the scheduling option above. 2.  Click the 'Use Editor' button, below, to create the Compute expressions.","Compute   !1,10!

End","",1
"base","CHEAPO","Used to generate a FVS output file required for subsequent execution of the CHEAPO economic analysis program","CHEAPO    !1,10!","",1
"base","Compress","Compress is used to reduce the number of tree records stored inside the FVS.  It is done automatically when room is needed to store new trees  created by the Regneration Establishment process.  You can use this  keyword to manually schedule the tree compression process. When there are many records in the tree list, the record compression algorithm can reduce the number or records while minimizing loss of within-stand variation in tree attributes that are important for increment prediction. As a result, the number of calculations required for the projection, and the cost of the projection, can be reduced without significant bias. CAUTION:  If Compress is specified for the first or second cycle, the tree records will be subsequently tripled unless NoTriple or NumTrip is used to suppress the record tripling feature. Compression causes trees to lose their plot specific identity, as they may be combined with ""like"" trees from another plot.","Compress  !1,10!!2,10!!3,10!!4,10!","",4
"base","CrnMult","Alters the change in crown by a specified proportion, or in the case of dubbing adjusts the dubbed crown by the specified proportion. This keyword not applicable in IE, CI, and KT variants. Once keyword is in effect, it remains in effect until replaced by another multiplier. A multiplier value of 1.1 will make crown change 10% greater, a tree with a crown ratio going from 90% to 80% would now have a crown of 79%.","*Args: Species, Multiplier, min DBH, Max DBH
CrnMult   !1,10!   Parms(!2!, !3!, !4!, !5!)\n","",5
"base","CutEff","Keyword is used to change the cutting efficiency for all thinnings. The proportion of sample trees represented by a record that is eliminated if a tree is designated for removal. NOTES: 1. Keyword order is important; the cutting efficiency specified on a CutEff keyword only applies to thinning keywords which follow the CutEff keyword. 2. Multiple CutEff keywords can be included in a keyword set. 3. There also is a cutting efficiency parameter on each thinning request keyword. If a value is specified as part of a thinning request, it only applies to that thinning request. If a value is not supplied with the thinning request, the cutting efficiency parameter associated with the CutEff keyword will be used.","CutEff    !1,10!","",1
"base","CalbStat","Used to specify the minimum number of observations required for calibration.","Calbstat  !1,10!!2,10!!3,10!","",3
"base","Close","Close a file that is related to the data set reference number coded in the first field.","Close     !1,10!","",1
"base","CutList","Print a list of all harvested tree records or place a copy in a retrievable mass storage file. If a zero is specified for the year, the output will be generated for all cycles in the projection. Do not use this keyword when using the R1 Existing Vegetation Classifier or Elk Hiding Cover post processors.","","CutList   !1,10!!2,10!!3,10!                    !4,10!",4
"base","CWEqn","Sets species specific parameters crown width equations: CW = Coeff0 + Coeff1 * DBH + Coeff2 * (DBH**Coeff3)","","CWEqn     !1,10!!2,10!
!3,10!!4,10!!5,10!!6,10!!7,10!!8,10!!9,10!!10,10!",10
"base","CycleAt","Insures a cycle boundary exists at specified year.","CycleAt   !1,10!","",1
"base","DataScrn","Allows users to screen input data based on specified diameter limits. NOTE: The DataScrn keyword needs to precede any TREEDATA keyword or if data is being read from a database it must precede the DSNIN, STANDSQL, and TREESQL keywords.","","DataScrn  !1,10!!2,10!!3,10!",3
"base","Debug","Generate FVS debug output. If cycle is kept blank, debug information will be printed for all cycles. WARNING: A great deal of output can be generated using this keyword.","","Debug    !1,10!!2,10!!3,10!
!4!",4
"base","Defect","Specifies species-specific defect corrections for merchantable cubic and/or board foot volume estimates. Defect proportions are specified by species for the following eight DBH classes: 5, 10, 15, 20, 25, 30, 35, 40+ inches. A linear interpolation function calculates the defect proportion for the specified DBH of the tree.  This keywords effects all cycles. To schedule defect by cycle use the MCDEFECT or BFDEFECT keywords. This keyword maybe used multiple times in the same simulation. For each of the DBH classes, enter a defect correction proportion between 0 and 1.  For example, if the expected defect correction for a 5 inch tree was 35 percent, a value of .35 would be entered. For trees greater than 40 inches DBH, a constant value for defect correction is applied. Note:  The DEFECT keyword can not be used with in the Event Monitor.","","Defect    !1,10!!2,10!!3,10!
!4,10!!5,10!!6,10!!7,10!!8,10!!9,10!!10,10!!11,10!",11
"base","DelOTab","Selectively deletes portions of the main FVS output file (.out extenstion). Multiple selections are required to delete two or more portions of the FVS output.","","DelOTab   !1,10,numbers!",1
"base","Design","Specify information about the sampling design used to collect tree data. NOTE: Most Design cards are built for you based on stand and plot data.  To override any field of the generated Design card, only enter values in the fields to be overridden.","Design    !1,10!!2,10!!3,10!!4,10!!5,10!!6,10!!7,10!","",7
"base","DgStDev","Change the limits of the normal distribution from which random errors are drawn for diameter increment predictions.","DgStDev   !1,10!","",1
"base","Echo","","Echo","",1
"base","EchoSum","Specifies the summary statistics tables from the main output file be written to a separate output file (.sum extension).  This file is used by the Average Summary Table post processor.","EchoSum   !1,10!","",1
"base","Fertiliz","Simulate the application of fertilizer.  Currently, only treatments with 200 lb/acre of nitrogen can be represented.  The effects are based on data from northern Idaho.","* Arg: Proportion of effects.
Fertiliz  !1,10!   Parms(200, 0, 0, !2!)\n","Fertiliz  !1,10!                              !2,10!",2
"base","FIAVBC","Used to activate FIA cubic foot volume, biomass, and carbon computation methods. This keyword allows users to produce stand (FVS_FIAVBC_Summary) and tree level output tables (FVS_FIAVBC_TreeList, FVS_FIAVBC_CutList, FVS_FIAVBC_ATRTList) that contain cubic foot volume, biomass, and carbon attributes. Additionally, users may request pre-defined stand level measures of biomass and carbon in the Event Monitor when this keyword is invoked. Users may set the merchantability limits for FIA merchantable volume, biomass, and carbon attributes. The national FIA merchantability limits or regional NFS merchantability limits can be globally set for all species in the variant. Custom merchantability limits for select species in the variant can be specified but user should be aware these will override the merchantability specifications initially defined by the default global specifications option (FIA or regional NFS). More information about this keyword can be found in the FVS keyword guide and users should refer to the variant overview for the default NFS regional merchantability limits. NOTE: This keyword cannot be scheduled and will be applied to the entire simulation. Users cannot modify cubic foot volume calculations with the DEFECT, MCDEFECT, MCFDLN, VOLEQNUM, and VOLUME keywords when this keyword is in effect","FIAVBC     !1,10,numbersf1!!4,20!!5,10!!6,10!!7,10!!8,10!!9,10!!10,10!","FIAVBC    !1,10,numbersf1!!4,20!!5,10!!6,10!!7,10!!8,10!!9,10!!10,10!",10
"base","FixCW","Used to override crown width estimates for specified species and diameter classes.","*Args: Species, Multiplier, min DBH, Max DBH
FixCW     !1,10!   Parms(!2!, !3!, !4!, !5!)\n","",5
"base","FixDG","Used to override diameter growth rates for specified species and diameter classes. NOTE: Adjusting the diameter growth will not affect the height growth for that cycle, however, the changed diameter growth and resulting basal area will affect mortality that cycle.","*Args: Species, Multiplier, min DBH, Max DBH
FixDG     !1,10!   Parms(!2!, !3!, !4!, !5!)\n","",5
"base","FixHtG","Used to override height growth rates for specified species and diameter classes. NOTE: Adjusting the height growth will not affect the diameter growth for that cycle, however, the changed height growth will affect mortality that cycle.","*Args: Species, Multiplier, min DBH, Max DBH
FixHtG    !1,10!   Parms(!2!, !3!, !4!, !5!)\n","",5
"base","FixMort","Used to override mortality rates for specified diameter classes and species. CAUTION: This keyword overrides BaMax and SDIMax induced mortality.","*Args: Species, Multiplier, Min DBH, Max DBH, Distribution
* 0=don't 1=add mortality to base model estimate.
FixMort   !1,10!   Parms(!2!, !3!, !4!, !5!, !6!, !7,,header!)\n","FixMort   !1,10!!2,10!!3,10!!4,10!!5,10!!6,10!!7,10,header!",7
"base","FvsStand","Creates a support file of sample tree records for the post processing program FVSSTAND Alone.  Survivor, mortality, and harvest tree records are written to a retrievable mass storage file. This keyword has two fields: Field 1 is the date/cycle request for the FvsStand list.  If a zero is specified for the year, the output will be generated for all cycles in the projection. Field 2 is used when Field 1 equals one to either suppress Cycle 0 information and record Cycle 1 (Field 2 = 1), or vice versa, suppress Cycle 1 information and record Cycle 0 (Field 2 = 2). FvsStand lists will use the first four digits of the batch file run to name its output file.  The ending extension is always ""*.fst"".  Users can also specify a MgmtID keyword to name the FvsStand list. FvsStand lists are similar to Treelist and Cutlist output files.  In addition, FvsStand output files contain stand structure and age data as well as past tree measure information.","","FvsStand  !1,10!!2,10!",2
"base","Growth","Identify the methods used to measure and input mortality, height and diameter growth data. Growth estimates can be either directly measured or computed as the difference between two successive diameter or height measurements. Furthermore, the values for DBH and HT can describe the tree at either the start of the end of the growth period.","Growth    !1,10!!2,10!!3,10!!4,10!!5,10!","",5
"base","HtgMult","A growth multiplier for the large tree height growth model.  Once set, the multiplier remains until replaced by a subsequent multiplier.","*Args: Species, Multiplier
HtgMult   !1,10!   Parms(!2!, !3!)\n","",3
"base","HtgStop","Stop the height growth to reflect temporary damage. NOTE: Using the defaults, no trees will have height growth affected. Field 6, the proportion of height growth retained, must be greater than 0","*Args: Species, Min Ht, Max Ht, Prob(noGrowth), Proportion, SD
HtgStop   !1,10!   Parms(!2!, !3!, !4!, !5!, !6!, !7!)\n","",7
"base","TopKill","Kill a portion of the top of a tree to reflect damage from logging or insects.","*Args:Species,Min Ht,Max Ht,Probability,Prop lost,Std Dev
TopKill   !1,10!   Parms(!2!, !3!, !4!, !5!, !6!, !7!)\n","",7
"base","InvYear","Specify the starting date for a projection. CAUTION: The default inventory year is read from your data.  This default is used to insure that the simulation starting year is not set to a year prior to this default inventory year.  This does not insure that the value you enter using this keyword is correct, nor does the system recognize that this value may cause an incorrect result.","InvYear   !1,10!","",1
"base","Locate","Specifies the location of the stand in terms of latitude, longitude, plus state and county codes.","Locate    !1,10!!2,10!!3,10!!4,10!","",4
"base","Managed","This keyword signals FVS that the stand is managed or unmanaged.  It affects the growth-rates of the following variants: Eastern Montana (EM)            large-tree diameter-growth Kookantl (KT)                   large-tree diameter-growth and small-tree height-growth Pacific Northwest Coast (PN)    small-tree diameter-growth West Cascades (WC)              small-tree diameter-growth Southeast Twigs (SE)            large-tree diameter-growth of loblolly shortleaf, and longleaf pine stands Southern (SN)                   large-tree diameter-growth of sand, slash, longleaf, loblolly, and eastern white pine Note: The management flag will have a default value of 1 if the MANAGED keyword is present; if the keyword is not present the stand is considered unmanaged.","Managed   !1,10!!2,10!","",2
"base","MCDefect","Specifies species-specific cubic foot volume defect corrections for cubic foot volume estimates.  In the eastern US this affects only the pulpwood cubic foot volume.  Defect proportions are specified by species for the following five DBH classes: 5, 10, 15, 20, 25+ inches.  A linear interpolation function calculates the defect proportion for the specified DBH of the tree. For each of the DBH classes, enter a defect correction proportion between 0 and 1.  For example, if the expected defect correction for a 5 inch tree was 35 percent, a value of .35 would be entered. For trees greater than 25 inches DBH, a constant value for defect correction is applied. Note:  If used inside an Event Monitor sequence, MCDEFECT will not affect cycle 0 volumes.","*Args: Species, 5"" defect, 10"", 15"", 20"", 25+""
MCDefect  !1,10!   Parms(!2!, !3!, !4!,              &
!5!, !6!, !7!)\n","",7
"base","MCFDLN","Enter species-specific parameters for log-linear form and defect correction equations for merchantable cubic foot volume estimates. In the eastern US this affects only pulpwood cubic foot volume.","MCFDLN    !1,10!!2,10!!3,10!","",3
"base","MinHarv","Specify minimum acceptable harvest standards for merchantable cubic foot volume, board foot volume, basal area per acre, total cubic foot volume, or sawlog cubic volume by cycle. For western variants, a non-zero value entered for sawlog cubic foot volume will only have an effect when the FIAVBC keyword is included in simulation. Once this keyword is in effect, it remains in effect until it is replaced by a subsequent multiplier.","* Arguments: Merch Cubic, Bdft, Ba, Total Cubic, Sawlog Cubic
MinHarv   !1,10!     Parms(!2!, !3!, !4!, !5!, !6!)","",6
"base","ModType","Field 1 is used to set model type in the CR variant while field 3 is used to set the FIA forest type in all variants. If the three digit forest type is selected, FVS will use the forest type for the first cycle and recalculate forest type for subsequent cycles. If the four digit forest type, prepended with a ""9"", is chosen, FVS will maintain the specified forest type for the entire simulation.","ModType   !1,10!!2,10!!3,10!!4,10!","",3
"base","MortMSB","Adds additional mortality based on the Mature Stand Boundary Concept The slope of the alternate mortality line refers to the relationship where x = ln(qmd) and y = ln(tpa). This keyword only works in variants using an SDI-based mortality model.","","MortMSB  !1,10!!2,10!!3,10!!4,10!!5,10!!6,10,numbers!",6
"base","MortMult","A multiplier used to alter mortality distribution. NOTE: If mortality is based on Stand Density Index, MortMult applies only to background mortality rates (i.e. 55% SDI and less).","*Args: Species, Multiplier, min DBH, Max DBH, Efficiency
MortMult  !1,10!   Parms(!2!, !3!, !4!, !5!)\n","",5
"base","NoAutoES","","NoAutoEs  !1,10!","",1
"base","NoCalib","Suppresses calculation of scale factors for large tree diameter increment model and small tree height increment model.  It can suppress the calculated scale factors for all species, or for individual species. Calibration is the default mode of the system.  This keyword acts as a toggle switch to turn it off. Non-calibration is appropriate when growth measured in your sample is not typical.  This event might occur during insect epidemics or prolonged drought.","NoCalib   !1,10!","",1
"base","NoEcho","","NoEcho    !1,10!","",1
"base","NoHtDReg","Suppresses the calculation of parameters for a local height-diameter equation when dubbing heights. When the calculation of local coefficients for the height dubbing process is suppressed, heights are dubbed using region-wide default coefficients. There must be at least 3 non-top damaged heights measured per species for the calibration to occur. Calibrating using local coefficients can be suppressed when the NoHtDReg keyword is used.","NoHtDReg  !1,10!!2,10!","",2
"base","NoScreen","Suppresses printing of an abbreviated copy of the summary statistics table to the terminal screen or a file during program execution.  In other words, cancels the effect of the SCREEN keyword.","NoScreen  !1,10!","",1
"base","NoTrees","","NoTrees","",1
"base","NoTriple","Tripling is the default mode of the system.  Use of this keyword acts like a toggle switch to turn it off.  For a small data set (less than 100 observations) tripling helps stabilize the random effects (see DgStDev).","NoTriple","",1
"base","NumCycle","Specify the number of cycles to run the projection. CAUTION: The number of cycles needed for a run is computed by FVS.  This version does not insure that the value you enter using the NumCycle keyword is correct, nor does the system recognize that this value may cause an incorrect result.","NumCycle  !1,10!","",1
"base","NumTrip","Change the number of times tree records will be tripled. Tripling will not occur if the number of tree records will exceed 1350 following tripling. In a bare ground projection, the number of times that records will be tripled is one less than this value because tripling occurs before the addition of regeneration records to the treelist. (i.e., if you want the tree records to be tripled twice in a bare ground projection, set the value in field 1 to 3)","NumTrip   !1,10!","",1
"base","Open","Request a Fortran OPEN for an input or output file.  A supplemental record is required to specify a filename for the unit that is to be opened. NOTE: File reference numbers between 1 and 30 are reserved for files that are currently accessed by the FVS or extensions.","","Open      !1,10!!2,10!!3,10!!4,10!!5,10!
!6!",6
"base","PrmFrost","Include/exclude a growth modifier in the diameter and height growth calculations based on the presence of permafrost in the stand. This keyword remains in effect until replaced by a subsequent multiplier.","PrmFrost  !1,10!!2,10!","",2
"base","Prune","Schedule the removal of a portion of a trees crown as part of a stand treatment scenario. CAUTIONS: Pruning is always done the first year of the cycle in which it is scheduled. All thinnings scheduled within a cycle are done before any pruning. If no trees remain after thinning, all pruning requests will be cancelled. If the combination of parameters on a pruning keyword result in no trees being pruned, the pruning requests will be cancelled.","*Arguments: Method, Ht/Length, Proportion, Species, MinDBH, MaxDBH
Prune     !1,10!     Parms(!2,,method!, !3!, !4!, !5!, !6!, !7!)","Prune     !1,10!!2,10,method!!3,10!!4,10!!5,10!!6,10!!7,10!",7
"base","PointGrp","Defines a group of points that can be referenced by a single name or number, which will be treated as a group in management actions or event monitor functions.","","PTGROUP   !1,10!
!2! !3! !4! !5! !6! !7! !8! !9! !10! !11! !12! !13! !14! !15! !16! !17! !18! !19! !20! !21! !22! !23! !24! !25! !26! !27! !28! !29! !30! !31! !32! !33! !34! !35! !36! !37! !38! !39! !40! !41! !42! !43! !44! !45! !46! !47! !48! !49! !50! !51!",51
"base","PointRef","Specifies whether the point number entered on an keyword or Event Monitor function, refers to the inventory point number or FVS sequential point number","","PointRef  !1,10,numbers!",1
"base","RANNSeed","Reseeds the pseudorandom number generators used in FVS. A zero generates a random number seed, which causes simulation results to vary with multiple runs. With any non-zero seed value the results will always be the same for multiple runs of the same simulation file. Implications of Random Variation in the Stand Prognosis Model are discussed in detail in GTR INT-394.","RANNSeed  !1,10!","",1
"base","ReadCorD","Enter multiplier for large tree diameter growth model.  The model is adjusted prior to calibration.","","ReadCorD
!1,10!!2,10!!3,10!!4,10!!5,10!!6,10!!7,10!!8,10!
!9,10!!10,10!!11,10!",108
"base","ReadCorH","Enter multiplier for large tree height growth model.  The model is adjusted prior to calibration.","","ReadCorH
!1,10!!2,10!!3,10!!4,10!!5,10!!6,10!!7,10!!8,10!
!9,10!!10,10!!11,10!",108
"base","ReadCorR","Enter multiplier for small tree height growth model.  The model is adjusted prior to calibration.","","ReadCorR
!1,10!!2,10!!3,10!!4,10!!5,10!!6,10!!7,10!!8,10!
!9,10!!10,10!!11,10!",108
"base","RegDMult","A growth multiplier for the small tree diameter growth model","*Args: Species, Multiplier
RegDMult  !1,10!   Parms(!2!, !3!)\n","",3
"base","RegHMult","A growth multiplier for the small tree height model.","*Args: Species, Multiplier
RegHMult  !1,10!   Parms(!2!, !3!)\n","",3
"base","ResetAge","Resets the stand age to make FVS model output correspond to the age of the stand.  This keyword is useful when average stand age has changed due to thinnings and plantings.","ResetAge  !1,10!!2,10!","",2
"base","Screen","Allows printing of the summary output table to the terminal, during program execution. NOTE: You can direct the output to an alternative output file by utilizing the Open keyword in conjunction with the Screen keyword.  Make sure the same unit number is used for both keywords.","Screen    !1,10!","",1
"base","SDICalc","Allows the selection of either Reineke SDI (Reineke 1933) using Stage's Summation Method (Stage, 1968) or Zeide's SDI (Zeide 1983) using the Long and Daniel, Shaw Summation Method (Long and Daniel 1990,Shaw 2000). For more information on these computations see section 7.3.4 of the Essential FVS: A User's Guide to the Forest Vegetation Simulator. For variants that use SDI-based mortality selecting Zeide and/or modifying Fields 1 or 2 will affect mortality. In all variants the SDICALC keyword affects, SDI thinning targets, stand SDIMAX reset calculations at the beginning of a simulation, SDI values reported in the Summary Statistics Table, and the Event Monitor variables BSDI, ASDI, BSDI2, and ASDI2.","SDICalc    !1,10!!2,10!!3,10!","",3
"base","SDIMax","Specifies the maximum stand density index by species.  The value of the maximum stand density index is an important variable in determining stand mortality, and the normal stocking for automatic thinnings. Maximum SDI for a stand is computed as a weighted average of the SDI maximums for each species in the stand.  The weight for a species is calculated as the total basal area for the species divided by total basal area in the stand. Maximum stand SDI is used in all variants to determine normal stocking for automatic thinnings.  See the variant overview to determine if SDI maximums are used to determine mortality in the variant you are using. Specifically, SDI is computed as follows: T = b1*(QMD**(-1.605)) Where: T = trees per acre b1 = constant derived from user entered SDI maximum. QMD = quadratic mean stand diameter.(If QMD = 10.0, then T = SDI) CAUTION: Changing SDIMax values can drastically change predicted yields.","SDIMax    !1,10!!2,10!!3,10!!4,10!!5,10!!6,10!!7,10!","",7
"base","SerlCorr","Replaces parameters for the serial correlation function of the autoregressive moving-average model, ARMA(1,1), that produces serial correlation between errors for successive diameter increment predictions. The primary use of this keyword is to turn off the autocorrelation by setting both parameters to 0 (zero).  Use of other values is strongly discouraged unless the user understands well the implications on the model. CAUTION: Many of the predictions in FVS are based on diameter increment. Changing the diameter increment prediction also changes many of the other predictions made in the model.","SerlCorr  !1,10!!2,10!","",2
"base","SetPThin","Sets the parameters for a thinning by point (used with the ThinPt Keyword)","* Arguments: PtNo, Attrib
SetPthin  !1,10!     Parms(!2!, !3,,numbers!)","SetPThin  !1,10!!2,10!!3,10,numbers!",3
"base","SetSite","Changes the habitat type, plant association, ecological unit, and/or site index over the projection cycle. NOTE: Due to the internal processing sequence in FVS, conditional implementations of SETSITE will not affect FVS computation until the cycle after the condition is found true","* Arguments: HabType/PlantAssoc/EcoUnit, BAMAX, Species,
* SI or %Change, 0=SI or 1=%change,SDIMAX
SetSite   !1,10!     Parms(!2!, !3!, !4!, !5!, !6,,numbers!, !7!)","SetSite   !1,10!!2,10!!3,10!!4,10!!5,10!!6,10,numbers!!7,10!",7
"base","SiteCode","Used to enter species specific site index values. If field 1 is blank, all species will be assigned the value in field 2. The species site index specified in the input database or on the first SITECODE keyword with a non-zero, non-blank species code determines the site species unless field 3 is used to specifically designate a site species. See section 3.4 of the Variant Overviews for species specific site index information.","SiteCode  !1,10!!2,10!!3,10!","",3
"base","SpCodes","Change the species codes used in your input tree data. You must type the new 4 character long code exactly as you want it, including blanks.  Note that "" WP "" (blank, WP, followed by one blank) is a different than ""WP  "" or ""  WP"". You can only change one species code with each use of this keyword. FVS supports an additional form of this keyword that allows you to change all the codes at once.  If you need this additional capability, code your SpCodes keyword within the Editor window.","","SpCodes   !1,10!
!2,-4!",2
"base","SpecPref","Change the species preference (SP) for removal in the formula: P = (Fd * DBH) + SP + (Ft * IMC) + Fm + (Fs * STS) + (Fpba * PBAi) + (Fpccf * PCCFi) + (Fptpa * PTPAi) where: Fd is equal to 1 if thinning from above, or -1 if thinning from below DBH is tree diameter at breast height SP is a user-specified species preference Ft is a user-specified multiplier for the tree value class code IMC is tree value class code Fm is a user-specified dwarf mistletoe preference Fs is a user-specified multiplier for the tree special status code STS is tree special status code Fpba is a user-specified multiplier for the point estimate of stand basal area PBAi is stand basal area estimate for the inventory point where the tree is located Fpccf is a user specified multiplier for the point estimate of stand crown competition factor PCCFi is the estimate of the stand crown competition factor for the inventory point where the tree is located Fptpa is a user-specified multiplier for the point estimate of stand trees per acre PTPAi is stand trees per acre estimate for the inventory point where the tree is located For any particular species, this keyword remains in effect until a subsequent use of the keyword changes the priority for that species. Keyword order may be important.  If a SPECPREF keyword is specified for the same year as a thinning, the species preference will affect the thinning only if the SPECPREF keyword appears before the thinning keyword in the keyword sequence. This keyword has no effect on thinning done with ThinDBH.","* Arguments: Sp, Pref
SpecPref  !1,10!     Parms(!2!, !3!)","",3
"base","SpGroup","Defines a group of species that can be referenced by a single name, which will be treated as a group in management actions or event monitor functions.","","SpGroup   !1,10!
!2! !3! !4! !5! !6! !7! !8! !9! !10! !11! !12! !13! !14! !15! !16! !17! !18! !19! !20! !21! !22! !23! !24! !25! !26! !27! !28! !29! !30! !31! !32! !33! !34! !35! !36! !37! !38! !39! !40! !41! !42! !43! !44! !45! !46! !47! !48! !49! !50! !51! !52! !53! !54! !55! !56! !57! !58! !59! !60! !61! !62! !63! !64! !65! !66! !67! !68! !69! !70! !71! !72! !73! !74! !75! !76! !77! !78! !79! !80! !81! !82! !83! !84! !85! !86! !87! !88! !89! !90! !91!",91
"base","SpLeave","Allows species to be excluded or re-included from scheduled harvesting activities. For any particular species, this keyword remains in effect until a subsequent keyword changes the exlusion of a species from harvest. Keyword order may be important.  If the keyword is specified for the same year as a thinning, it will only effect the thinning if it appears before the thinning keyword. Residual may be larger than the residual thinning target due to the species you excluded.","","SpLeave   !1,10!!2,10!!3,10,header!",3
"base","StandCN","Allows you to a use a variable called STAND_CN, which is used as a primary key in the database extension","","StandCN
!1!",1
"base","StrClass","Requests an output table that calculates structural class be written to the main output file and defines Event Monitor structural class variables.","StrClass  !1,10!!2,10!!3,10!!4,10!!5,10!!6,10!!7,10!","",7
"base","Stats","Requests output tables that show a statistical description of the input (inventory) data for a projection be written to the main output file.","Stats     !1,10!","",1
"base","StdIdent","\ Specifies a stand identification code and optional descriptive title to label output tables.","","StdIdent
!1,-26!",1
"base","MgmtId","\ It is best to use the ""Change Group Membership"" window to specify the stand and management identifications.","","MgmtId
!1,-4!",1
"base","StdInfo","Used to describe the site characteristics where the stand is located.","","StdInfo   !1,10!!2,10!!3,10!!4,10!!5,10!!6,10!!7,10!!8,10!!9,10,numbersf9!",9
"base","SVS","Create output files for use by the Stand Visualization System (SVS). SVS was created by Robert J. McGaughey, Pacific Northwest Station. Output files are created automatically by FVS. An image is created of all FVS cycles in the run. NOTE: Specification of this keyword does not start the SVS post procssor.","SVS       !1,10!!2,10!!3,10!!4,10!!5,10!!6,10!","",6
"base","TCondMLT","Change the impacts of the tree value class, the special tree status code, point basal area, crown competition factor, and point estimate of trees per acre on the determination of removal priority. This formula is used to change the priority of tree removal: P = (Fd * DBH) + SP + (Ft * IMC) + Fm + (Fs * STS) + (Fpba * PBAi) + (Fpccf * PCCFi) + (Fptpa * PTPAi) where: Fd is equal to 1 if thinning from above, or -1 if thinning from below DBH is tree diameter at breast height SP is a user-specified species preference Ft is a user-specified multiplier for the tree value class code IMC is tree value class code Fm is a user-specified dwarf mistletoe preference Fs is a user-specified multiplier for the tree special status code STS is tree special status code Fpba is a user-specified multiplier for the point estimate of stand basal area PBAi is stand basal area estimate for the inventory point where the tree is located Fpccf is a user specified multiplier for the point estimate of stand crown competition factor PCCFi is the estimate of the stand crown competition factor for the inventory point where the tree is located Fptpa is a user-specified multiplier for the point estimate of stand trees per acre PTPAi is stand trees per acre estimate for the inventory point where the tree is located NOTE: This keyword is ineffective with ThinDBH","* Arguments: CondClassMult, SpecialTreeMult, BAMult, CCFMult, TPAMult
TCondMLT  !1,10!     Parms(!2!, !3!, !4!, !5!, !6!)","",6
"base","TFixArea","Specifies the total fixed-plot area for small-tree plots. This ensures that the trees per acre expansions are representative of the sampling design.  This is useful when multiple small-tree plots are used at each of the plots specified in the tree data. For example, if at every point in a survey three 1/300-acre plots are installed for small trees, the total fixed area for the small-tree plots is 3/300 acre, which reduces to 1/100 acre. The value entered on this keyword is then is 100 (the inverse of 1/100).  Trees per acre expansions for small trees will use a factor of 100 instead of 300. Caution: Do not confuse multiple small-tree plots with a sampling design where different size small trees are recorded using different size fixed-plots.  In the latter case the areas should NOT be added together.  Instead, the tree counts for all small trees in the tree data will need to be modified to represent a single plot size, and the DESIGN keyword will specify the size of the new representative plot size used for the modified tree counts.","TFixArea  !1,10!","",1
"base","ThinABA","Schedule thinning from above to a basal area per acre target. The target residual refers to that within the specified diameter and height range. Thinnings are always done the first year of the cycle in which they are scheduled.","* Arguments: ResBA, CutEff, SmDBH, LgDBH, SmHt, LgHt
ThinABA   !1,10!     Parms(!2!, !3!, !4!, !5!, !6!, !7!)","",7
"base","ThinBBA","Schedule thinning from below to a basal area per acre target. The target residual refers to that within the specified diameter and height range. Thinnings are always done the first year of the cycle in which it is scheduled.","* Arguments: ResBA, CutEff, SmDBH, LgDBH, SmHt, LgHt
ThinBBA   !1,10!     Parms(!2!, !3!, !4!, !5!, !6!, !7!)","",7
"base","ThinATA","Schedule thinning from above to a trees-per-acre target. The target residual refers to that within the specified diameter and height range. Thinnings are always done the first year of the cycle in which it is scheduled.","* Arguments: ResTPA, CutEff, SmDBH, LgDBH, SmHt, LgHt
ThinATA   !1,10!     Parms(!2!, !3!, !4!, !5!, !6!, !7!)","",7
"base","ThinBTA","Schedule thinning from below to a trees-per-acre target. The target residual refers to that within the specified diameter and height range. Thinnings are always done the first year of the cycle in which it is scheduled.","* Arguments: ResTPA, CutEff, SmDBH, LgDBH, SmHt, LgHt
ThinBTA   !1,10!     Parms(!2!, !3!, !4!, !5!, !6!, !7!)","",7
"base","ThinAuto","Schedule automatic stocking control.  As nearly as possible, stand density will be maintained within a range determined by the minimum and maximum percentage of normal stocking entered in fields 2 and 3. CAUTIONS: Check the stocking guide used by the growth model to be sure it is appropriate in your area. Thinnings are always done in the first year of the cycle in which it is scheduled. If you are using NI or KT variants, you must include an SDIMAX keyword in your keyword file and set SDI maximums for all species in your file or else this keyword will result in a clearcut.","* Arguments: Low%stk Up%stk Eff
ThinAuto  !1,10!     Parms(!2!, !3!, !4!)","",4
"base","ThinDBH","Schedule the removal of a segment of the DBH distribution. CAUTIONS: Thinnings are always done the first year of the cycle in which it is scheduled. Trees are thinned in the order they appear in the treelist. SpecPref keyword does not work with ThinDBH. If tree/acre or basal area targets are used, the cutting efficiency provided is ignored and the model calculates a cutting efficiency which removes a portion of all eligible trees.","* Arguments: SmDBH, LgDBH, CutEff, Species, ResTPA, ResBA
ThinDBH   !1,10!     Parms(!2!, !3!, !4!, !5!, !6!, !7!)","",7
"base","ThinHt","Schedule the removal of a segment of the height distribution. CAUTIONS: Thinnings are always done the first year of the cycle in which it is scheduled. Trees are thinned in the order they appear in the treelist. SpecPref keyword does not work with ThinHt. If tree/acre or basal area targets are used, the cutting efficiency provided is ignored and the model calculates a cutting efficiency which removes a portion of all eligible trees.","* Arguments: SmHt, LgHT, CutEff, Species, ResTPA, ResBA
ThinHt    !1,10!     Parms(!2!, !3!, !4!, !5!, !6!, !7!)","",7
"base","ThinMist","Schedule the removal of trees with Dwarf Mistletoe Rating CAUTIONS: Thinnings are always done the first year of the cycle in which it is scheduled.","* Arguments: DMR, SmDBH, LgDBH, CutEff
ThinMist   !1,10!     Parms(!2!, !3!, !4!)","",5
"base","ThinPRSC","Schedule prescription thinning. Harvest trees that were marked for removal on the input tree records. To set these values in the input database, use the Prescription column in the TreeInit Table. If cut code is blank, all trees coded with a value between 2 and 9 will be cut.","* Arguments: CutEff, CutCode
ThinPRSC  !1,10!     Parms(!2!, !3!)","",3
"base","ThinPt","Schedule a thinning by plot or point number, the SetPThin keyword must preceed the ThinPt keyword CAUTIONS: Thinnings are always done the first year of the cycle in which it is scheduled.","* Arguments: Resid, CutEff, Species, SmDBH, LgDBH, CutCtrl
ThinPt    !1,10!     Parms(!2!, !3!, !4!, !5!, !6!, !7!)","",7
"base","ThinQFA","Schedules uneven-aged thinning from throughout a specified diameter range for any or all species to a specified basal area, trees per acre or stand density index target. The distribution of the thinning throughout the specified diameter range is based on a user specified q-factor, where the q-factor value is the ratio of trees in a diameter class to the number of trees in the next larger class.","* Arguments: SmDBH, LgDBH, Species, Q-Factor, D-class, ResDensity, DensityUnits)
ThinQFA   !1,10!     Parms(!2!, !3!, !4!, !5!, !6!, !7!, !8!)","ThinQFA   !1,10!!2,10!!3,10!!4,10!!5,10!!6,10!!7,10!
!8,1!",8
"base","ThinRDen","Schedule a thinning with a residual Curtis' Relative Density target. CAUTIONS: Thinnings are always done the first year of the cycle in which it is scheduled. If the target Curtis' Relative Density is nonzero and the cutting control flag is zero, thinning occurs uniformly throughout the specified dbh range until the target is met (the cutting efficiency parameter is ignored and the cutting efficiency needed to complete the thinning is automatically computed by the program). If the target relative is nonzero and the cutting control flag is nonzero, then the cutting efficiency parameter is used.","* Arguments: ResRD, CutEff, Species, SmDBH, LgDBH, CutCtrl
ThinRDen  !1,10!     Parms(!2!, !3!, !4!, !5!, !6!, !7!)","",7
"base","ThinRDSL","","* Arguments: ResRD, CutEff, Species, SmDBH, LgDBH, CutCtrl
ThinRDSL  !1,10!     Parms(!2!, !3!, !4!, !5!, !6!, !7!)","",7
"base","ThinSDI","Schedule a thinning with a residual stand density index target. CAUTIONS: Thinnings are always done the first year of the cycle in which it is scheduled. If the target stand density index is nonzero and the cutting control flag is zero, thinning occurs uniformly throughout the specified dbh range until the target is met (the cutting efficiency parameter is ignored and the cutting efficiency needed to complete the thinning is automatically computed by the program). If the target stand density index is nonzero and the cutting control flag is nonzero, then the cutting efficiency parameter is used.","* Arguments: ResSDI, CutEff, Species, SmDBH, LgDBH, CutCtrl
ThinSDI   !1,10!     Parms(!2!, !3!, !4!, !5!, !6!, !7!)","",7
"base","ThinCC","Schedule a thinning with a residual canopy cover target. CAUTIONS: Thinnings are always done the first year of the cycle in which it is scheduled. If the target canopy cover percent is nonzero and the cutting control flag is zero, thinning occurs uniformly throughout the specified dbh range until the target is met (the cutting efficiency parameter is ignored and the cutting efficiency needed to complete the thinning is automatically computed by the program). If the target canopy cover percent is nonzero and the cutting control flag is nonzero, then the cutting efficiency parameter is used.","* Arguments: ResCC, CutEff, Species, SmDBH, LgDBH, CutCtrl
ThinCC   !1,10!     Parms(!2!, !3!, !4!, !5!, !6!, !7!)","",7
"base","TimeInt","Specify the length of specific cycles. CAUTION: The number and length of cycles needed for a run is computed by FVS.  This does not insure that the value you enter using the TimeInt keyword is correct, nor does FVS recognize that this value may cause an incorrect result.","TimeInt   !1,10!!2,10!","",2
"base","TreeData","TreeData keyword is used to specify a logical unit for reading in tree data records. CAUTION: If tree records are inserted directly into the keyword file (ie. as supplemental records following a TreeData keyword with 15 specified in field 1), a special tree record with variable ITRE equal to -999 must be added to the end of the tree records to signal the end of tree record input.","TreeData  !1,10!!2,10!!3,10!!4,10!","",5
"base","TreeFmt","Provides a FORTRAN format statement that describes the layout of the tree data record. The following is the default tree format used to read the input tree variables from a text file. (I2,T1,I6,T10,F7.1,I1,T8,A2,T16,F5.2,F3.1, 2F3.0,F4.1,I1,T80,6I2,2I1,I2,2I3,2I1,F3.0) VARIABLE                   FORMAT  COLUMNS Plot ID                       I4       1-4 Tree Number                   I7       1-7 Tree Count                   F6.0      8-13 Tree History                   I1      14 Species                        A3      15-17 Diameter at Breast Height    F4.1      18-21 DBH Increment                F3.1      22-24 Live Height                  F3.0      25-27 Height to Top Kill           F3.0      28-30 Height Increment             F4.1      31-34 Crown Ratio Code               I1      35 Damage Code 1                  I2      36-37 Severity Code 1                I2      38-39 Damage Code 2                  I2      40-41 Severity Code 2                I2      42-43 Damage Code 3                  I2      44-45 Severity Code 3                I2      46-47 Tree Value Class Code          I1      48 Cut/Leave Prescription Code    I1      49 Plot slope percent             I2      50-51 Plot aspect in degrees         I3      52-54 Plot habitat type code         I3      55-57 Plot topographic position code I1      58 Plot site preparation code     I1      59 Tree Age                     F3.0      60-62","","TreeFmt
!1!
!2!",2
"base","TreeList","Print a list of sample tree records or place a copy in a retrievable mass storage file. Output is generated for the END of the specified cycle.  If a zero is specified for the year, the output will be generated for all cycles in the projection.","","TreeList  !1,10!!2,10!!3,10,header!!4,10!!5,10!!6,20!",6
"base","TreeSzCp","Sets morphological limits for maximum tree diameter and height for a given species, and specifies a minimum mortality rate to be used when tree diameter exceeds the specified limit.  Diameter growth or height growth will be greatly reduced for individual trees that exceed the specified diameter or height, respectively.","","TreeSZCP  !1,10!!2,10!!3,10!!4,10,header!!5,10!",5
"base","YardLoss","YardLoss allows the user to designate a portion of a harvest to be left in the woods. It is used in conjunction with the Fire and Fuels Extension to compute fuel loadings and dead tree statistics. You create a YardLoss keyword followed by a Thin keyword or management action.  The YardLoss applies to ""cuts"" that follow and are scheduled for the same year. Using this keyword, you change the models assumptions regarding the amount of ""cut"" that is left in the stand.  For example, if you specify that all of the cut stems are left, then the cut trees will be removed from the live tree list, those trees will be reported as ""removed trees"", and ""removed total volume"", but they will not count as ""removed merchantable volume"". Of trees that are not removed, you can specify the proportion that are felled.  If none are felled, then the trees are deemed snags. Therefore, you can create snags by ""cutting"" trees, leaving them in the stand, and then specifying that they are not ""down"". You can control the proportion of branchwood that is left in the stand. This crown biomass becomes fine fuel for the Fire and Fuels Extension.","* Arguments: PropStemsLeft, PropLeftStemsDown, PropBranchLeft
YardLoss  !1,10!     Parms(!2!, !3!, !4!)","",4
"climate","ClimData","Specifies the Climate Scenario to be used and the climate and species-viability data to be read in. Data can be read in from an external file specified in field 2. CAUTION: Climate and species viability values can be inserted directly into the keyword file as supplemental records, rather than specifying an external file name. When inserting data directly, the supplemental record following the GCM/scenario needs to be an ""*"", followed by the climate header record and the final supplemental record needs to be -999.","","ClimData
!1!
!2!",2
"climate","AutoEstb","","* Arguments: Stocking Threshold, Number of Trees, Number of Species
AutoEstb  !1,10!     Parms(!2!, !3!, !4!)","",4
"climate","GrowMult","Specify a species-specific adjustment to the magnitude of the growth-rate multiplier computed by Climate-FVS. Setting the multiplier to zero will turn off Climate-FVS impacts on growth","* Arguments: Species, Adjustment Factor
GrowMult  !1,10!     Parms(!2!, !3!)","",3
"climate","MortMult","Specify two species-specific mortality multipliers. Setting the multipliers to zero will turn off Climate-caused mortality","* Arguments: Species, Viability Multiplier, dClim rule Multiplier 
MortMult  !1,10!     Parms(!2!, !3!, !4!)","",4
"climate","MxDenMlt","Specify an adjustment of the maximum density multiplier computed by Climate-FVS. Setting the multiplier to zero will turn off the maximum density modification.","* Arguments: Multiplier 
MxDenMlt  !1,10!     Parms(!2!)","",2
"climate","SetAttr","Change the values for a single attribute from those in the climate attribute file. The keyword must follow the ClimData keyword.","SetAttr  !1,10!!2,10!!3,10!!4,10!!5,10!","",5
"cover","Cover","Signifies the beginning of keywords for the extension.","Cover     !1,10!!2,10!","",2
"cover","Shrubs","Requests shrub statistics","","Shrubs    !1,10!!2,10,listhab!!3,10,list!!4,10,list!",4
"cover","ShrbLayr","Provides field data with which to calibrate shrub predictions.","ShrbLayr  !1,10!!2,10!!3,10!!4,10!!5,10!!6,10!","",6
"cover","ShrubPC","Supply calibration information where cover percentage has been gathered for individual species. Understory species found in Table 1 of 'COVER: A User's Guide to the CANOPY and SHRUBS Extension of the Stand Prognosis Model.'  Moeur, 1985.","","ShrubPC
!1,10!!2,10!!3,10!!4,10!!5,10!!6,10!!7,10!!8,10!
!9,10!!10,10!!11,10!!12,10!!13,10!!14,10!!15,10!!16,10!
!17,10!!18,10!!19,10!!20,10!!21,10!!22,10!!23,10!!24,10!
!25,10!!26,10!!27,10!!28,10!!29,10!!30,10!!31,10!-999.0",31
"cover","ShrubHt","Supply calibration information where average height in feet has been gathered for individual species. Understory species found in Table 1 of 'COVER: A User's Guide to the CANOPY and SHRUBS Extension of the Stand Prognosis Model.'  Moeur, 1985.","","ShrubHt
!1,10!!2,10!!3,10!!4,10!!5,10!!6,10!!7,10!!8,10!
!9,10!!10,10!!11,10!!12,10!!13,10!!14,10!!15,10!!16,10!
!17,10!!18,10!!19,10!!20,10!!21,10!!22,10!!23,10!!24,10!
!25,10!!26,10!!27,10!!28,10!!29,10!!30,10!!31,10!-999.0",31
"cover","ShowShrb","Select up to six understory species for which output will always be displayed. Understory species found in Table 1 of 'COVER: A User's Guide to the CANOPY and SHRUBS Extension of the Stand Prognosis Model.'  Moeur, 1985.","","ShowShrb
!1,10!!2,10!!3,10!!4,10!!5,10!!6,10!",6
"dbs","ATRTLiDB","","ATRTLiDB  !1,10!!2,10!","",2
"dbs","BurnReDB","","BurnReDB  !1,10!","",1
"dbs","CarbReDB","The two carbon tables, FVS_Carbon and FVS_Hrv_Carbon, store the same data as the stand carbon and harvested products carbon reports.","CarbReDB  !1,10!","",1
"dbs","ComputDB","Controls the way the FVS_Compute table is built. NOTE: EXCEL spreadsheets cannot be altered to add new variables to existing tables. Therefore, the value of the first field has no effect when using EXCEL.","ComputDB   !1,10!!2,10!","",2
"dbs","CutLiDB","","CutLiDB   !1,10!!2,10!","",2
"dbs","SQLIn","Run an query on the DSNIn connection. If the query is a SELECT, and the column names are the same as user-defined Compute variables then the values of those variables will be set to those in the database.","SQLIn     !1,10!
SELECT *
FROM
WHERE Stand_ID = %StandID% and Year = %Year%
EndSQL","",2
"dbs","DSNOut","Specifies the data base file name or the Data Source Name (DSN), Username, and Password for the output database connection.","","DSNOut\n!1!",1
"dbs","DSNIn","Specifies the data base file name or the Data Source Name (DSN), Username, and Password for the input database connection.","","DSNIn\n!1!",1
"dbs","DWDCvDB","","DWDCvDB  !1,10!","",1
"dbs","DWDVlDB","","DWDVlDB  !1,10!","",1
"dbs","FuelReDB","","FuelReDB  !1,10!","",1
"dbs","FuelsOut","","FuelsOut  !1,10!","",1
"dbs","MisRpts","The three dwarf FVS_DM_Spp_Sum, FVS_DM_Stnd_Sum  and FVS_DM_Sz_Sum tables store the same data as the Species-Specific, Stand Average and Diameter Class reports of the FVS Interim Dwarf Mistletoe Model. If the FVS_DM_Sz_Sum report is desired, the Mistletoe Model's MISTPRT keyword must also be selected.","MisRpts   !1,10!","",1
"dbs","MortReDB","","MortReDB  !1,10!!2,10!","",2
"dbs","PotFirDB","","PotFirDB   !1,10!","",1
"dbs","SnagOuDB","","SnagOuDB   !1,10!!2,10!","",2
"dbs","SnagSuDB","","SnagSuDB   !1,10!","",1
"dbs","StandSQL","Specify an SQL statement that from which stand-level FVS variables are initialized.","StandSQL
SELECT *
FROM FVS_StandInit
WHERE Stand_ID = '%StandID%'
EndSQL","",1
"dbs","SQLOut","Run an query on the DSNOut connection. If the query is a SELECT, and the column names are the same as user-defined Compute variables then the values of those variables will be set to those in the database.","SQLOut    !1,10!
SELECT *
FROM
WHERE Stand_ID = %StandID% and Year = %Year%
EndSQL","",2
"dbs","StrClsDB","","StrClsDB  !1,10!","",1
"dbs","Summary","FVS_Summary2 contains the same information as FVS_Summary but with removals reported on separate lines.","Summary  !1,10!","",1
"dbs","TreeLiDB","","TreeLiDB  !1,10!!2,10!","",2
"dbs","TreeSQL","Specify an SQL statement that from which tree-level FVS variables are initialized.","TreeSQL
SELECT *
FROM FVS_TreeInit
WHERE Stand_id = '%StandID%'
EndSQL","",1
"dbs","EconRpts","","EconRpts   !1,10!!2,10!","",2
"econ","AnnuCst","Specifies per acre annually occurring fixed cost.  Examples of annual costs are administrative costs and equal annual equivalent or land rent. A maximum of eight keywords may be specified; additional keywords are ignored.  Each cost is additive with previously submitted costs.","","AnnuCst   !1,10!!2,10!    &
!3,5!!4,5!!5,5!!6,5!!7,5!!8,5!!9,5!!10,5!!11,5!!12,5!!13,5!!14,5!!15,5!!16,5!!17,5!!18,5!",18
"econ","AnnuRvn","Specifies per-acre annual revenue.  Examples of annual revenues are grazing leases and recreational rents.  A maximum of eight keywords may be specified; additional keywords are ignored.  Each revenue is additive with previously submitted revenues.","","AnnuRvn   !1,10!!2,10!    &
!3,5!!4,5!!5,5!!6,5!!7,5!!8,5!!9,5!!10,5!!11,5!!12,5!!13,5!!14,5!!15,5!!16,5!!17,5!!18,5!",18
"econ","BurnCst","Specifies per-acre cost for burning site prep.  Burning site prep cost is registered with Econ whenever burning site prep has been accomplished (specified by the Regeneration Establishment Extension BurnPrep keyword). If more than one keyword is submitted only the last is used.","","BurnCst   !1,10!    &
!2,5!!3,5!!4,5!!5,5!!6,5!!7,5!!8,5!!9,5!!10,5!!11,5!!12,5!!13,5!!14,5!!15,5!!16,5!!17,5!",17
"econ","HrvFxCst","Specifies per acre commercial thinning or harvest cost. Values from this keyword are applied to harvests only when the PctSpec specifications are met or exceeded.  Costs incurred during a cycle when the Pretend keyword is active are reported only for that cycle, i.e., these costs are not carried forward to later cycles.  A maximum of eight keywords may be specified; additional keywords are ignored. Each cost is additive with previously submitted costs.","","HrvFxCst  !1,10!!2,10!    &
!3,5!!4,5!!5,5!!6,5!!7,5!!8,5!!9,5!!10,5!!11,5!!12,5!!13,5!!14,5!!15,5!!16,5!!17,5!!18,5!",18
"econ","HrvVrCst","Specifies commercial thinning or harvest cost by unit-of-measure and tree DBH.  Values from this keyword are applied to harvests only when the PctSpec specifications are met or exceeded.  Costs incurred during a cycle when the Pretend keyword is active are reported only for that cycle, i.e., costs are not carried forward to later cycles. A maximum of eight keywords may be specified; additional keywords are ignored.","","HrvVrCst  !1,10!!2,10!!3,10!!4,10!    &
!5,5!!6,5!!7,5!!8,5!!9,5!!10,5!!11,5!!12,5!!13,5!!14,5!!15,5!!16,5!!17,5!!18,5!!19,5!!20,5!",20
"econ","HrvRvn","Specifies commercial thinning or harvest price by unit-of-measure by species by diameter-class.  Values from this keyword are applied to harvests only when the PctSpec specifications are met or exceeded. Revenues accrued during a cycle when the Pretend keyword is active are reported only for that cycle, i.e., these revenues are not carried forward to later cycles.  The unit-of-measure field controls the application of revenues and interpretation of prices and diameters.  If unit-of-measure is tree/acre harvested, or 1000 board-feet/acre for harvested trees, or 100 cubic-feet/acre for harvested trees then diameter is tree DBH. If unit-of-measure is 1000 board-feet/acre for harvested logs, or 100 cubic-feet/acre for harvested logs, then diameter is small-end inside bark log diameter.  DIB or DBH values set the minimum diameter for which the specified price will apply.  Trees or logs smaller than the smallest diameter from all keywords will not be valued, i.e., they will produce no revenue.  Revenue is computed only for species explicitly specified; unless a default species (0 or ALL) is entered. If a default species is entered it does not overwrite prices entered for identified species or species group, i.e., values for default species are not combined with values entered for a specific species and unit-of-measure combination.  A maximum of eight keywords may be specified for each unit-of-measure and species combinations; additional keywords are ignored.","","HrvRvn    !1,10!!2,10!!3,10!!4,10!    &
!5,5!!6,5!!7,5!!8,5!!9,5!!10,5!!11,5!!12,5!!13,5!!14,5!!15,5!!16,5!!17,5!!18,5!!19,5!!20,5!",20
"econ","LbsCfv","Specifies value for converting one harvested cubic foot of volume to pounds.  This keyword does not affect calculations; it simply adds weight for harvested volume to the Harvest Volume and Gross Value Table. Only species explicitly specified will have conversion values, unless a default species is entered.  If a default species (ALL) is entered, it does not overwrite entered species.  A maximum of one keyword entry per species is allowed; if more than one keyword is entered for a species, only the last keyword is used.","LbsCfv    !1,10!!2,10!","",2
"econ","MechCst","Specifies per acre mechanical site prep cost.  Mechanical site prep cost is registered with Econ whenever mechanical site prep has been accomplished (specified by the Regeneration Establishment Extension MechPrep keyword).  If more than one keyword is submitted, only the last is used.","","MechCst   !1,10!    &
!2,5!!3,5!!4,5!!5,5!!6,5!!7,5!!8,5!!9,5!!10,5!!11,5!!12,5!!13,5!!14,5!!15,5!!16,5!!17,5!",17
"econ","NoTable","Specifies suppression of Econ output tables.","NoTable   !1,10!","",1
"econ","PctFxCst","Specifies per acre pre-commercial thinning cost.  Values from this keyword are applied to harvests only when the PctSpec specifications are not met.  Costs incurred during a cycle when the Pretend keyword is active are reported only for that cycle, i.e., these costs are not carried forward to later cycles.  A maximum of eight keywords may be specified; additional keywords are ignored.  Each cost is additive with previously submitted costs.","","PctFxCst  !1,10!!2,10!    &
!3,5!!4,5!!5,5!!6,5!!7,5!!8,5!!9,5!!10,5!!11,5!!12,5!!13,5!!14,5!!15,5!!16,5!!17,5!!18,5!",18
"econ","PctSpec","Specifies quadratic mean diameter (QMD) in inches and total per-ace harvested volume to differentiate pre-commercial thinning from commercial thinning or harvest.  Pre-commercial thinning always incurs costs while commercial thinning or harvest may accrue costs and revenues. If the QMD of all harvested trees is greater than or equal to the specified QMD and the total harvested volume per acre is greater than or equal to the specified volume, the entry is considered a commercial harvest, otherwise the harvest is assumed a pre-commercial thinning. If this keyword is not used, all harvest is presumed commercial. If more than one keyword is entered, only the last is used.","PctSpec   !1,10!!2,10!!3,10!","",3
"econ","PctVrCst","Specifies pre-commercial thinning cost by unit-of-measure and tree DBH. Values from this keyword are applied to harvests only when the PctSpec specifications are not met.  Costs incurred during a cycle when the Pretend keyword is active are reported only for that cycle, i.e., these costs are not carried forward to later cycles.  A maximum of eight keywords may be specified; additional keywords are ignored.","","PctVrCst  !1,10!!2,10!!3,10!!4,10!    &
!5,5!!6,5!!7,5!!8,5!!9,5!!10,5!!11,5!!12,5!!13,5!!14,5!!15,5!!16,5!!17,5!!18,5!!19,5!!20,5!",20
"econ","PlantCst","Specifies planting cost.  Planting cost is registered with Econ whenever planting has been accomplished in FVS (specified by the FVS Plant keyword).  A maximum of two keywords may be specified, one for each unit-of-measure.  If more than one keyword is submitted with the same unit-of-measure only the first keyword is recognized.  If keywords are submitted for both per acre and per 1000 trees units, the two costs will be additive.  Costs per 1000 trees planted are accumulated for each FVS Plant keyword executed, but costs per acre are only charged for each year that planting occurs, regardless of the number of FVS Plant keywords submitted.","","PlantCst  !1,10!!2,10!    &
!3,5!!4,5!!5,5!!6,5!!7,5!!8,5!!9,5!!10,5!!11,5!!12,5!!13,5!!14,5!!15,5!!16,5!!17,5!!18,5!",18
"econ","Pretend","Requests that economic benefits and costs be calculated for a hypothetical (i.e., pretend) stand harvest.  When Pretend is active, harvest costs and revenues are computed, but removals are not made from FVS tree records.  When active, harvest costs and revenues are reported in the cycle in which they occur but are not accumulated across cycles. The Pretend keyword is effective only when active at the beginning year of a cycle, because FVS conducts all harvests in the first year of a cycle. Only harvest costs and revenues are affected by this keyword. Pretend activation can be turned on and off during the simulation by setting different activation times and durations.  If multiple Pretend keywords are entered specifying the same year or cycle, the keyword specified last will be used. If Pretend keywords are imbedded in an event monitor sequence, activation year is interpreted as years from the time the event is true, or in other words, a lag time (e.g., 5). Note: The Pretend keyword acts in addition to the FVS MINHARV keyword; if MINHARV is specified, harvest must meet MINHARV conditions in order to be simulated in a pretend fashion.","* Args: Duration
Pretend   !1,10!   Parms(!2!)\n","",2
"econ","SpecCst","Specifies a once per cycle cost.  Examples are periodic stand exam costs or a one-time fire suppression cost.  In variants that do not include the ""full establishment"" regeneration model, this keyword can be used to specify site preparation costs.  Any number of special cost keywords can be entered; costs are additive within and across cycles. If SPECCST is imbedded in an event monitor sequence, accrual year is interpreted as years from the time the event is true, or in other words, a lag time (e.g., 5).","* Args: Cost Amount
SpecCst   !1,10!!2,10!  Parms(!3!)\n","",3
"econ","SpecRvn","Specifies a once per cycle revenue.  Examples are periodic mushroom harvests or a one-time bough sale.  Any number of special revenue keywords can be entered; revenues are additive within and across cycles. If SPECRVN is imbedded in an event monitor sequence, accrual year is interpreted as years from the time the event is true, or in other words, a lag time (e.g., 5).","* Args: Revenue Amount
SpecRvn   !1,10!!2,10!  Parms(!3!)\n","",3
"econ","StrtEcon","Specifies the beginning time for starting economic calculations or reinitializing the ECON investment period during a simulation.  The STRTECON year may be an intermediate year within a FVS cycle.  This keyword also sets the startup parameters for discount rate, known soil expectation (SEV) value, and turns the computation of SEV on or off.  Multiple keywords can be submitted, each initiating a new investment period, new discount rate and new SEV parameters. If more than one ECONSTRT keywords are submitted for a single cycle, the investment period and start parameters will be re-initialized to the last keyword record submitted for that cycle. If STRTECON is imbedded in an event monitor sequence, start year is interpreted as years from the time the event is true, or in other words, a lag time (e.g., 5).","StrtEcon  !1,10!!2,10!!3,10!!4,10!","",4
"estb","BudWorm","Used to input defoliation histories for western budworm and simulate the effects of budworm defoliation on regeneration success. NOTES: A zero or blank in field 1 results in an error message.  A zero or blank in field 2 is replaced with the value in field 1 resulting in 1 year of defoliation. The default condition for the regeneration model is no budworm defoliation. If budworm effects are represented by the Budworm Model then this keyword is not necessary.","BudWorm   !1,10!!2,10!","",2
"estbstrp","BurnPrep","Used to enter the percentage of regeneration plots receiving site preparation by burning. NOTES: The sum of mechanical and burn treatments must be less than, or equal to, 100 percent.  If the sum is less than 100 percent, the difference is the percentage of undisturbed plots. When site preparation treatments have not been specified or assigned, default equations are invoked.  These equations predict the proportion of the stand receiving each of the three treatments (burning, mechanical scarification, and no disturbance) based on site characteristics such as slope, aspect, habitat type, residual basal area, elevation, and topographic position. Site preparations can be assigned to individual plots if desired.  See PlotInfo keyword","* Args: percent
BurnPrep  !1,10!     Parms(!2!)","",2
"estbstrp","HtAdj","Used to enter a species specific initial height modifier for newly established trees before the tree records are passed to the FVS model. NOTES: The value entered on the HtAdj keyword should not be confused with the FVS model keyword RegHMult, which is a multiplier. The value entered in field 3 can be positive or negative, being simulated, but assigned heights will not be less than a preset minimum (usually 0.5 or 1.0 feet)","* Args: species,adjustment
HtAdj     !1,10!     Parms(!2!, !3!)","",3
"estbstrp","MechPrep","Used to enter the percentage of regeneration plots receiving site preparation by mechanical scarification. NOTES: The sum of mechanical and burn treatments must be less than or equal to 100 percent.  If the sum is less than 100 percent, the difference is the percentage of undisturbed plots. When site preparation treatments have not been specified or assigned, default equations are invoked.  These equations predict the proportion of the stand receiving each of the three treatments (burning, mechanical scarification, and no disturbance) based on site characteristics such as slope, aspect, habitat type, residual basal area, elevation, and topographic position. Site preparations can be assigned to individual plots if desired.  See PlotInfo keyword.","* Args: percent
MechPrep  !1,10!     Parms(!2!)","",2
"estbstrp","MinPlots","Used to enter the minimum number of plots to process. NOTE: The regeneration model produces plot-to-plot variation in the number of trees per plot, species composition, and initial tree heights.  Stand statistics are the average of plot predictions, so a large number of plots reduces the random variation for the stand.  Plots are repeatedly doubled until at least 50 are available for projection. CAUTION: Minimum number of plots allowed is 20.","MinPlots  !1,10!","",1
"estbstrp","Natural","Used to specify natural regeneration that will be added to the stand. NOTES: A separate Natural keyword is necessary for each species. *Seedling age does not have an affect in some variants (ls, ne, cs, cr). For those variants that seedling age does have an affect on the regenerated trees, fill in seedling age or seedling height. Seedling age is used to estimate the height of the seedling at 5 years (or end of cycle whichever is earler). If you enter a height it will ignore the seedling age entered, and will use the specified height as the height of the tree at 5 years (or end of cycle which ever comes first). Use of this keyword sets StockAdj to 0.0 and activates the NoInGrow and NoAuTaly keywords for variants with the Full Establishment model.","* Arguments: Species, trees, survival, age, Ht,
* ShadeCode 0=uniform, 1=shade, 2=sun
Natural   !1,10!    Parms(!2!, !3!, !4!, !5!, !6!, !7!)","",7
"estbstrp","Output","Controls the kind of printed output described for this extension. NOTE: Getting a plot summary is useful when using a PlotInfo keyword to insure that plot-by-plot values were interpreted correctly by the Regeneration Establishment extension. CAUTION: The debug option produces a great deal of output and should not be used by most users.","Output    !1,10!!2,10!","",2
"estb","PassAll","Specifies the maximum number of ""acceptable"" (value class 2) predicted seedlings per species per plot to be passed from the Regeneration Establishment model to the FVS tree list during the tally. The Regeneration Establishment model automatically passes all of the ""best"" or ""desirable"" (value class 1) predicted seedlings, which includes all planted seedlings, to the FVS tree list during the tally. It also passes all sprouts as ""acceptable"" (value class 2).  In addition, in the full establishment model, up to five ""acceptable"" (value class 2) naturally regenerating seedlings of each species per regeneration plot are passed by default.  PASSALL specifies a new maximum number of ""acceptable"" naturally regenerating seedlings of each species per plot to be passed.  This does not affect the number of ""best"" seedlings passed or the number of sprouts passed.","PassAll   !1,10!","",1
"estbstrp","Plant","Specifies that planting is to be simulated. NOTES: *Seedling age does not have an affect in some variants (ls, ne, cs, cr). For those variants that seedling age does have an affect on the regenerated trees, fill in seedling age or seedling height. Seedling age is used to estimate the height of the seedling at 5 years (or end of cycle whichever is earler). If you enter a height it will ignore the seedling age entered, and will use the specified height as the height of the tree at 5 years (or end of cycle which ever comes first). A separate Plant keyword is necessary for each species planted. Planted trees are in addition to natural regeneration and compete with naturals in the best tree selection process. The StockAdj keyword can be used in conjunction with planting to suppress natural regeneration (for variants with the Full Establishment model) so that only planted trees are passed to the FVS model.","* Arguments: Species, trees, survival, age, Ht,
* ShadeCode 0=uniform, 1=shade, 2=sun
Plant     !1,10!    Parms(!2!, !3!, !4!, !5!, !6!, !7!)","",7
"estbstrp","PlotInfo","Specify plot specific values for slope, aspect, habitat type, topographic position, and site preparation. This keyword is used when plot information is not contained on the tree data records. Codes are in GTR INT-279, p. 24.","","PlotInfo  !1,10!
!2,10!!3,1!!4,1!!5,3!!6,1!!7,1!",7
"estbstrp","ESRanSd","Reseeds the pseudorandom number generators used in the Regeneration Establishment extension. If field 1 is left blank, the default seed will be displayed.","ESRanSd  !1,10!","",1
"estbstrp","ResetAge","Resets the stand age to make FVS model output correspond to the age of the stand.  This keyword is useful when average stand age has changed due to thinnings and plantings.","* Args: age
ResetAge  !1,10!     Parms(!2!)","",2
"estb","SpecMult","Enter a species specific multiplier that increases or decreases the probability of a species' occurrence in natural regeneration. NOTES: One keyword record is needed for each species to be modified. The multiplier does not set the probability of a species' occurrence; it is multiplied by the imbedded probability to increase or decrease the probability of occurrence. Thus, a multiplier of 1 has no effect on the imbedded probability for that species.","* Args: species,multiplier
SpecMult  !1,10!     Parms(!2!, !3!)","",3
"estbstrp","Sprout","Turns on and or modifies the simulation of sprouting. A multiplier value of less than 1 decreases the number and/or height of sprouts.  A multiplier value greater than 1 increases the number and/or height of sprouts.","* Arguments: species, sprout mult, Ht mult, SmDBH, LgDBH
Sprout    !1,10!     Parms(!2!, !3!, !4!, !5!, !6!)","",6
"estb","StockAdj","Enter a multiplier to adjust the probability of natural regeneration stocking for individual plots upward or downward. NOTES: The probability of stocking will be multiplied by the multiplier value, but the product will be bounded within the interval [0,1].  The multiplier is calculated by dividing the desired probability of stocking by the predicted probability of stocking.  As an example, suppose the regeneration model predicts the probability of stocking 10 years after a harvest is 0.40 and it is desired to raise this figure to 0.50 in a subsequent run.  The multiplier value is 1.25 ( .5/.4 = 1.25). If the multiplier is zero, natural regeneration is canceled so that only planted trees regenerate.  This is useful in simulating growth of plantations or to input a list of trees on a habitat type that the Regeneration Establishment extension is not presently calibrated for.","* Args: multiplier
StockAdj  !1,10!     Parms(!2!)","",2
"estbstrp","Tally","Regeneration is reported in a summary called a tally.  At each tally, new regeneration is added to the FVS model tree list and a regeneration summary output table is printed. Whenever there is a cycle boundary within the 20-year regeneration period, a tally of regeneration will be predicted.","Tally     !1,10!!2,10!","",2
"estbstrp","TallyOne","Used to schedule the first regeneration tally in a specific year.  This keyword takes precedence over the tally sequence scheduled by the Estab keyword or the Tally keyword. NOTE: At the first regeneration tally (TallyOne), both planted trees and natural regeneration are passed to the FVS model.","TallyOne  !1,10!!2,10!","",2
"estbstrp","TallyTwo","Used to schedule the second regeneration tally at any time after the first tally and up to 20 years after a disturbance. NOTE: At the second regeneration tally (TallyTwo), only natural rageneration becoming established after the first tally are passed to the FVS model. Planted trees are passed at TallyOne, not TallyTwo.","TallyTwo  !1,10!!2,10!","",2
"estb","Thrshold","Change the threshold values that schedule automatic regeneration tallies following thinnings. NOTES: The value in field 1 must be lower than the value in field 2.  Percentages refer to the removal of either trees per acre or total cubic foot volume. Lower percent bounded between 2.5 and 90.0 percent; upper percent bounded between 5.0 and 97.5 percent. Sometimes, thinnings removed enough trees to allow regeneration to become established.  These situations are detected by the FVS model, and regeneration activities are automatically scheduled when certain threshold values are exceeded.  A single regeneration tally results if 10 to 30 percent of the trees per acre or total cubic foot volumes is removed.  A tally sequence is scheduled when more than 30 percent of either trees per acre or cubic foot volume is removed.","Thrshold  !1,10!!2,10!","",2
"fire","CanCalc","Modify the calculation of canopy base height and canopy bulk density. Currently only one method is supported.  Users can specify which trees are included in these calculations.  They can also change the cutoff value used to determine canopy base height (by default 30 lbs/acre/ft.)","CanCalc   !1,10!!2,10!!3,10!!4,10!","",4
"fire","CarbCalc","Set the carbon accounting parameters.","CarbCalc  !1,10!!2,10!!3,10!!4,10!!5,10!","",5
"fire","DeFulMod","Modify the parameters of an existing fuel model or define the parameters of a new one.","* Args: Mod#, S:V0.25, S:V1-3, S:VLiveW,
*       L0.25, L1-3, LLiveW, FDepth, MExtin, S:VLiveH, LLiveH
DeFulMod  !1,10!   Parms(!2!, !3!, !4!, !5!, !6!, !7!,&
                         !8!, !9!, !10!, !11!, !12!, !13!, !14!)\n","DeFulMod  !1,10!!2,10!!3,10!!4,10!!5,10!!6,10!!7,10!
!8,10!!9,10!!10,10!!11,10!!12,10!!13,10!!14,10!",14
"fire","Drought","Set the years that the fuel model selection process assumes there is a drought.","* Arg: Duration
Drought   !1,10!   Parms(!2!)","",2
"fire","DuffProd","Set the proportion of decayed material that becomes duff from any one of the 4 decay rate classes or from ""all"" decay rate classes. The decayed material that does not go to duff goes into the air. The proportions can be different for each fuel size class.","DuffProd  !1,10!!2,10!!3,10!!4,10!!5,10!!6,10!","",6
"fire","FireCalc","Modify the fire behavior calculations.  Users can choose to use the original fuel model selection logic (includes only fuel models 1-13), the new fuel model selection logic (includes the 40 new fuel models) or can choose to predict fire behavior from modelled fuel loads directly.  The SAV and bulk density values entered are used only if the new fuel model selection logic or the modelled loads option is chosen.  The heat content entered is used only if the modelled loads option is chosen.  These variables should be entered as they pertain to your fuel bed and will be used to help select the most similar fuel model(s) (if using the new fuel model logic) or will be used directly in the fire behavior calculations (if using the modelled loads option).","* Args: Fcalc, FMset, SAV1, SAVH, SAVW, BDL, BDD, HC
FireCalc  !1,10!   Parms(!2!, !3!, !4!, !5!, !6!, !7!, !8!, !9!)\n","FireCalc  !1,10!!2,10!!3,10!!4,10!!5,10!!6,10!!7,10!!8,10!!9,10!",9
"fire","FlameAdj","Modify the fire behavior calculations for a fire simulated using the SIMFIRE keyword scheduled for the same year.  If flame length is modified without specifying the percent crowning, the model will not alter how it calculates percent crowning.  Likewise, flame length calculations will not be altered if only percent crowning is specified. To keep flame length and percent crowning calculations consistent, both should be entered. If flame length, percent crowning, and scorch height are all entered, the program skips fire behavior calculations and applies fire effects based on the values entered.","* Args: FlLenMult, FlLen, %Crowning ScorchHt
FlameAdj  !1,10!   Parms(!2!, !3!, !4!, !5!)\n","",5
"fire","FModList","Adjust the fuel models available for selection in conjuction with the new fuel model logic (also see FireCalc keyword).  Fuel models can either be turned ""on"" (they will be part of the potential fuel model pick list) or turned ""off"".  See the FFE documentation for details on the new fuel model logic and what fuel models are part of the pick list by default.  Once set, this keyword stays in effect unless reset.","* Args: Fuel model, on/off
FModList  !1,10!   Parms(!2!, !3!)\n","",3
"fire","FMortMlt","Modify the FFE calculation of the probability that a tree will die due to fire. The multipliers coded using this keyword are only in effect for the cycle or year in which they are scheduled. Several FMORTMLT keywords can be specified for the same time period where each applies to a different species or portion of the tree DBH distribution. The values apply to fire effects computed for potential fires as well as simulated fires that are scheduled for the same year. A major purpose for using this keyword is to represent the effects drought in years prior to the fire have on tree mortality (van Mantgem and others 2013). The keyword can also be used to represent the effect on mortality of wet years prior to fire. Values greater than 1.0 increase mortality rates, values less than 1.0 decrease mortality rates. Van Mantgem and others (2013) reported models that predict the probability of mortality given tree bark thickness, fire severity measures, and changes in climatic water deficit relative to long-term averages prior to fire. Using results from that work the following general guidelines can be used to choose multipliers on the FMORTMLT keyword. For low moisture deficit, code 1.2, for moderate, code 1.4, for high code 1.6, for very high code 1.8. Of course, any values may be used and you can use this keyword to represent other effects besides climatic water deficit. Reference: van Mantgem, Philip J.; Nesmith, Jonathan C.B.; Keifer, MaryBeth; Knapp, Eric E.; Flint, Alan; Flint, Lorriane. 2013. Climatic stress increases forest fire severity across the western United States. Ecology Letters doi: 10.1111/ele.12151.","* Args: Mult, species, lower DBH, upper DBH
FMortMlt  !1,10!   Parms(!2!, !3!, !4!, !5!)\n","",5
"fire","FuelDcay","Set the surface fuel decay rates for each fuel decay class.","FuelDcay  !1,10!!2,10!!3,10!!4,10!!5,10!!6,10!!7,10!","",7
"fire","FuelFoto","Set the initial fuel loadings by selecting a fuels photo series photo. The fuel loadings associated with the photo selected will override the default fuel loading values.  If fuel loadings are entered directly with the FuelInit or FuelSoft keywords or through the StandInit input database table, they take precedence over those associated with the photo selected. See the FFE documentation for full photo series citations and photo reference numbers.","","FuelFoto  !1,10!!2,10!",2
"fire","FuelInit","Set the initial hard/sound fuel loading for each surface fuel size class, as well as litter and duff. If you don't specify the values, the model assigns default values based on stand attributes.  You may replace the default for some or all size classes.","","FuelInit            !3,10!!4,10!!5,10!!6,10!!10,10!!11,10!!1,10!!2,10!!7,10!!8,10!!9,10!",11
"fire","FuelModl","Specify the fuel models and the weights used in place of those selected by the automatic fuel model selection logic.  Once fuel models are set with this keyword, they remain in effect until other fuel models are set or the automatic fuel model selection logic is re-invoked with an additional FuelModel keyword.","*Args: M1, Wt1, M2, Wt2, M3, Wt3, M4, Wt4
FuelModl  !1,10!   Parms(!2!, !3!, !4!, !5!, !6!, !7!, !8!, !9!)\n","FuelModl  !1,10!!2,10!!3,10!!4,10!!5,10!!6,10!!7,10!
!8,10!!9,10!",9
"fire","FuelMove","Move fuels from one size class to another, add, or remove fuels from stand.  Can be used to simulate chipping or slash removal and adding course woody debris to a stand. The amount of fuel to be moved can be specified three ways: 1) The amount of fuel to move from the source in tons/acre, 2) The proportion from the source to move, or 3) The residual in the source left after the move. When more than one is specified, the program computes the one that results in the largest amount transfered.","","FuelMove  !1,10!!2,10!!3,10!!4,10!!5,10!!6,10!!7,10!",7
"fire","FuelMult","Set surface fuel decay rate multipliers by fuel decay class.","FuelMult  !1,10!!2,10!!3,10!!4,10!","",4
"fire","FuelPool","Specify the assignment of each species to a decay rate class.","FuelPool  !1,10!!2,10!","",2
"fire","FuelSoft","Set the initial soft/rotten fuel loading for each surface fuel size class. If you don't specify the values, the model assigns default values based on stand attributes.  You may replace the default for some or all size classes.","","FuelSoft  !1,10!!2,10!!3,10!!4,10!!5,10!!6,10!!7,10!!8,10!!9,10!",9
"fire","FuelTret","Set the fuel treatment (lopping, chopping, etc) and harvest type (skidding, high lead, etc) so as to modify the fuel depth. Note that this keyword affects fire intensity only (by changing fuel depth) and only for five years following the treatment.","* Args: Treatment, Harvest, Mult
FuelTret  !1,10!   Parms(!2!, !3!, !4!)\n","",4
"fire","Moisture","Set the fuel moisture conditions for each fuel size class. These moisture values apply to simulated fires scheduled for the same calendar year. If this keyword is used for any size class, it must be used for all size classes because there are no default moisture conditions.","* Args: 1hour, 10hour, 100hour, 3+, duff, live woody, live herb
Moisture  !1,10!   Parms(!2!, !3!, !4!, !5!, !6!, !7!, !8!)\n","Moisture  !1,10!!2,10!!3,10!!4,10!!5,10!!6,10!!7,10!!8,10!",8
"fire","MortClas","Set the dbh size class boundaries used to generate the fire-caused mortality report (see MortRept).","MortClas  !1,10!!2,10!!3,10!!4,10!!5,10!!6,10!!7,10!","",7
"fire","PileBurn","Burn fuels in concentrated piles (jackpots or piles) and modify tree mortality rates resulting from fuel treatment. The fuel treatment, either pile burn or jackpot burn, simply controls the default values used if left blank. With a pile burn, the defaults specify that the % of stand's area affected by treatment = 70, the % of affected area where fuel is concentrated = 10, and the % of fuel in affected area that is concentrated is 80.  With a jackpot burn, the defaults specify that the % of stand's area affected by treatment = 100, the % of affected area where fuel is concentrated = 30, and the % of fuel in affected area that is concentrated is 60.  With both treatments, the default % mortality = 0.","","PileBurn  !1,10!!2,10!!3,10!!4,10!!5,10!!6,10!",6
"fire","PotFMois","Set the fuel moisture conditions for two categories of potential fire severity.","","PotFMois  !1,10!!2,10!!3,10!!4,10!!5,10!!6,10!!7,10!!8,10!",8
"fire","PotFPAB","Set the percentage of the stand area burned for severe and moderate potential fires. This affects the fire effects calculations such as mortality and fuel consumption.","PotFPAB   !1,10!!2,10!","",2
"fire","PotFSeas","Set the season of the burn for severe and moderate potential fires.","PotFSeas  !1,10!!2,10!","",2
"fire","PotFTemp","Set the temperature for two categories of potential fire severity.","PotFTemp  !1,10!!2,10!","",2
"fire","PotFWind","Set the wind speeds (20 feet above the vegetation) for two categories of potential fire severity.","PotFWind  !1,10!!2,10!","",2
"fire","Salvage","Schedule removal of snags from the stand.","* Args: MinDBH, MaxDBH, Years, DecayState, P(cut), P(leftDown)
Salvage   !1,10!   Parms(!2!, !3!, !4!, !5!, !6!, !7!)\n","",7
"fire","SalvSP","Select a species to be cut or left in subsequent salvage operations.","SalvSP    !1,10!!2,10!!3,10!","",3
"fire","SimFire","Schedule a fire and set the conditions at the time of the burn, including the wind speed, temperature, and moisture-level. The moisture categories correspond to variant-specific % moisture values.  These values can be found in Chapter 4 of the FFE documentation.","* Args: Wind, Moisture, Temp, MortCode, PAB, Season
SimFire   !1,10!   Parms(!2!, !3!, !4!, !5!, !6!, !7!)\n","",7
"fire","SnagBrk","Set parameters for modifying the model that simulates breaking (causing height loss) of standing snags.","SnagBrk   !1,10!!2,10!!3,10!!4,10!!5,10!","",5
"fire","SnagClas","Set the dbh size class boundaries for the snag report (see SnagOut and SnagSum).  Note, the maximum value for the snag class boundaries is 36 inches due to how FFE tracks snags in dbh classes, with the largest class being 36 inches and larger.","SnagClas  !1,10!!2,10!!3,10!!4,10!!5,10!!6,10!","",6
"fire","SnagDCay","Modify the snag decay rate parameters by tree species.  Higher values increase the amount of time it takes for a hard snag to become soft.","SnagDCay  !1,10!!2,10!","",2
"fire","SnagFall","Modify the snag fall rate parameters by tree species.","SnagFall  !1,10!!2,10!!3,10!","",3
"fire","SnagInit","Add a snag record of a given species, size, height, age, and density to the snag list.","SnagInit  !1,10!!2,10!!3,10!!4,10!!5,10!!6,10!","",6
"fire","SnagOut","Request a snag report be created. Caution: You must insure that a file is opened for your output and that the I/O data set reference number you use is a valid one. Some computer systems will prompt you for a file name if a file is not opened and others will simply create a file with an arbitrary name.","","SnagOut   !1,10!!2,10!!3,20!!4,10!",4
"fire","SnagPSft","Set the proportion of snags listed soft when trees die. This proportion applies to snags created from all sources, which include those specified using the SNAGINIT keyword, the input sample tree data file, mortality caused by fires and all other causes, and by stand management. The snags that are initially soft can lose height at a different rate than those snags that are initially hard.","SnagPSft  !1,10!!2,10!","",2
"fire","SnagPBN","Set fall down rate for snags that are present during a fire.","SnagPBN   !1,10!!2,10!!3,10!!4,10!!5,10!","",5
"fire","SoilHeat","Request a report of the soil heating when a fire occurs.","","SoilHeat                      !1,10!",1
"fire","SVImages","Set the number of frames (images) showing the fire progression when the base model SVS keyword is used.  Each frame corresponds to one "".svs"" file.  Fire progressions are generated for each prescribed and wild fire but not for fuel treatments even when the treatment includes the use of fire.","SVImages  !1,10!","",1
"mist","MisTable","Produce detailed species/DBH class tables.  These detailed tables may be produced for any species that is affected by dwarf mistletoe at time of report generation.","* MisTable fields: Year, species
MisTable  !1,10!!2,10,speciesCode!\n","MisTable  !1,10!!2,10,speciesCode!\n",3
"mist","MistGMod","Alter model-based effects dwarf mistletoe has on tree diameter growth. The mistletoe model contains a function that reduces normal growth by a proportion for each mistletoe rating value. You can replace this relationship with your own estimates of growth reduction by DMR.","* MistGMod fields: Year, Species
* Multipliers for DMRs 1 thru 6 on supplemental record
MistGMod  !1,10!!2,10,speciesCode!
!3!  !4!  !5!  !6!  !7!  !8!\n","MistGMod  !1,10!!2,10,speciesCode!
!3!  !4!  !5!  !6!  !7!  !8!\n",8
"mist","MistHMod","****  This option is only in effect if the keyword is used.  **** MistHMod alters tree height growth effects of dwarf mistletoe. The mistletoe model contains functions that reduce normal diameter growths by proportions based on dwarf mistletoe rating (DMR) values, which in turn indirectly impacts the height growths of the infected trees. The indirect height growth impact may be less severe than trees actually experience. With the MistHMod keyword, you can specify more severe height growth impacts by species and DMR. The default values shown in this keyword screen are based on a study of Douglas-fir dwarf mistletoe by Katy Mallams, USFS Region 6, 2007. As you adjust the height growth impacts, keep in mind that the impact added by this keyword will be in addition the indirect height growth reduction caused by the reduced diameter growth.","* MistHMod fields: Year, Species
* Multipliers for DMRs 1 thru 6 on supplemental record
MistHMod  !1,10!!2,10,speciesCode!
!3!  !4!  !5!  !6!  !7!  !8!\n","MistHMod  !1,10!!2,10,speciesCode!
!3!  !4!  !5!  !6!  !7!  !8!\n",8
"mist","MistMort","Alter the tree mortality rates due to dwarf mistletoe by supplying a multiplier used to scale the rates used by the Dwarf Mistletoe Model.","* MistMort fields: Year, Species, Multiplier
MistMort  !1,10!!2,10,speciesCode!!3,10!\n","MistMort  !1,10!!2,10,speciesCode!!3,10!\n",4
"mist","MistMult","Alter spread and intensification probabilities","* MistMult fields: Year, Species, Prob Incr DMR, Prob Decr DMR
MistMult  !1,10!!2,10,speciesCode!!3,10!!4,10!\n","MistMult  !1,10!!2,10,speciesCode!!3,10!!4,10!\n",4
"mist","MistPInf","Automatically introduce infections to a portion of trees in the stand that were not already infected.  Multiple MistPInf keywords can be used in a single keyword set.","","MistPInf  !1,10!!2,10,speciesCode!!3,10!!4,10,numbers!!5,10!\n",5
"mist","MistPref","Alter cutting preference of infected trees.  Different preferences can be specified for each tree species.","* MistPref fields: Year, Species, 
* Multipliers for DMRs 1 thru 6 on supplemental record
MistPref  !1,10!!2,10,speciesCode!
!3!  !4!  !5!  !6!  !7!  !8!\n","MistPref  !1,10!!2,10,speciesCode!
!3!  !4!  !5!  !6!  !7!  !8!\n",8
"organon","INPFile","Reads-in the ORGANON *.inp text file","","INPFile
!1!",1
"organon","OSUBFVOL","This keyword is used to change the merchanibility limits for the ORGANON OSU board foot volume equations","","OSUBFVOL  !1,10!!2,10!!3,10!!4,10!!5,10!",5
"organon","OSUCFVOL","This keyword is used to change the merchanibility limits for the ORGANON OSU cubic foot volume equations","","OSUCFVOL  !1,10!!2,10!!3,10!",3
"organon","ORGOFF","Switches off the ORGANON growth and mortality component, and runs the model using only the FVS equations.","","ORGOFF",0
"phewrd3","BBClear","","","BBClear",1
"phewrd3","BBOut","","","BBOut",1
"phewrd3","BBType1","Specify a type 1 bark beetle outbreak.  A beetle outbreak of type 1 occurs when the density and diameter of trees of a given species exceed user-defined minimums;  at this point both root disease infected and uninfected trees in the stand may potentially be killed. Examples of type 1 bark beetles are mountain pine beetle (Dendroctonus ponderosae) on lodgepole pine and western pine beetle (D. brevicomis) on ponderosa pine.","","BBType1   !1,10!!3,10!!4,10!!5,10!!6,10!!2,10!",6
"phewrd3","BBType2","Specify a type 2 bark beetle outbreak.  A beetle outbreak of type 2 occurs when the number of windfallen trees/acre exceeds a user-defined minimum;  at this point both root disease infected and uninfected trees in the stand may potentially be killed. An example of a type 2 bark beetle is the Douglas-fir beetle (D. psuedotsugae) on Douglas-fir.","","BBType2   !1,10!!3,10!!4,10!!5,10!!6,10!!2,10!",6
"phewrd3","BBType3","Specify a type 3 bark beetle outbreak.  A beetle outbreak of type 3 occurs when the density of trees of a given species with a sufficient proportion of their root systems infected exceeds a user-defined minimum; at this point only trees infected by root disease may potentially be killed. An example of a type 3 bark beetle is fir engraver (Scolytus ventralis) on grand fir.","","BBType3   !1,10!!3,10!!4,10!!5,10!!6,10!!2,10!!7,10!",7
"phewrd3","BBType4","Specify a type 4 bark beetle outbreak.  A beetle outbreak of type 4 occurs when the density of trees of a given species with a sufficient proportion of their root systems infected exceeds a user-defined minimum; at this point trees infected or not infected by root disease may potentially be killed. An example of a type 4 bark beetle is mountain pine beetle on ponderosa pine (Dendroctonus ponderosae).","","BBType4   !1,10!!3,10!!4,10!!5,10!!6,10!!2,10!!7,10!
!8,10!!9,10!!10,10!",10
"phewrd3","DNSCalc","Alters the method by which the outbreak stand density threshold is computed for bark beetle type 1.  The default outbreak density is calculated by determining the trees/acre of all trees that exceed a user-defined minimum DBH. Note: If the SDI method is used to calculate the outbreak density threshod, then field 3 of the BBType1 keyword is no longer used for tree density calculation, but is still used to deternime which trees are subject to beetle attack.","DNSCalc   !1,10!!2,10!!3,10!!4,10!","",4
"phewrd3","InfColo","Modifies the proportion of root system which is colonized after death. The spread of root disease is assumed to reach a maximum amount within 5 years of tree death.","","InfColo   !1,10!!2,10!         4",2
"phewrd3","InfKill","Modify the proportion of the root system that must be infected before tree death occurs.","","InfKill            4!1,10!!2,10!",2
"phewrd3","InfMult","Change the probability of root disease transmission","","InfMult   !1,10!         4!2,10!!3,10!",3
"phewrd3","InfSims","Change the number of times to simulate the inside-center infection dynamics.  Print results of inside-center simulation.","","InfSims   !1,10!!2,10!        25
Open              25         0         3       132
!3!",3
"phewrd3","InocLife","Changes the default rate and patterns of decay of the inoculum in the infected roots of dead stumps and trees. An example for a 12 inch DBH infected dead tree (stump) using the default values above for both P-Type and S-Type Annosus root disease is: Annual decay rate of 1.2474 feet (decay = F1 * radius + F2 = 0.02212 * 2.0004 + 1.2032 = 1.2474) Root radius decay stalls at 2.0004 feet (radius = F3 *dbh + F4 = 0.1667 * 12 + 0.0 = 2.0004) Inoculum remains in stalled root radius for 24 years (years = F5 * dbh + F6 = 2.0 * 12 + 0.0 = 24.0) Stump and dead tree infected root system information is stored (and decayed) in five DBH size classes (upper boundaries of: 12"", 24"", 48"",  100"", >100"").","","InocLife  !1,10!!2,10!!3,10!!4,10!!5,10!!6,10!         4",6
"phewrd3","InocSpan","Specify the minimum life span of inoculum for Laminated root rot.","","InocSpan                                !1,10!",1
"phewrd3","PlotInf","Identifies which sub-plots are inside Laminated root rot centers, and specifies the proportion of the trees in each plot which are infected.","","PlotInf            4
!1,4!!2,5!
!3,4!!4,5!
!5,4!!6,5!
!7,4!!8,5!
!9,4!!10,5!
!11,4!!12,5!
!13,4!!14,5!
!15,4!!16,5!
!17,4!!18,5!
!19,4!!20,5!
!21,4!!22,5!",22
"phewrd3","PlRead","","","PlRead             4
!1,4!
!2,4!
!3,4!
!4,4!
!5,4!
!6,4!
!7,4!
!8,4!
!9,4!
!10,4!
!11,4!",11
"phewrd3","PStump","Specify a stump pushing management action","PStump    !1,10!!2,10!!3,10!","",3
"phewrd3","RRComp","Modify the maximum size of the tree list.  Compression (of the tree list) will occur whenever the tree list length is about to exceed the user defined maximum or automatically at the default size (500).","RRComp    !1,10!","",1
"phewrd3","RREcho","Instructs the model to print machine readable output of the Root Disease Summary Table.","","Open              24         0         3       132
!1!
RREcho            24",1
"phewrd3","RRInit","Specifies the configuration of root disease centers.","","RRInit    !1,10!!2,10!!3,10!!4,10!!5,10!!6,10!         4",6
"phewrd3","RRJump","Specify the extent to which root disease centers will expand through uninfected trees when the stand is thinned or clearcut.","","RRJump                                  !1,10!",1
"phewrd3","RRMinK","Change the time-to-death value (time from root infection until death of the tree) below which multipliers entered with the TTDMult keyword will not influence mortality.","","RRMink                                  !1,10!",1
"phewrd3","RSeed","Change the random number generator seed value.","RSeed     !1,10!","",1
"phewrd3","SArea","Specify the stand area to be simulated.","SArea     !1,10!","",1
"phewrd3","SDIRMult","Modifies the calculation of root radius based on SDI.  The root radius is multiplied by a value between 0.5 and 1.5 that is calculate from a function of SDI.","SDIRMult  !1,10!!2,10!","",2
"phewrd3","SMCOut","Instructs the model to write a table of root disease center spread rates from the Monte Carlo Simulation to a seperate file.","","SMCout            26
Open              26         0         3       132
!1!",1
"phewrd3","Spread","Specify the type of spread model to be simulated","","Spread    !1,10!!2,10!!3,10!          !4,10!         4",4
"phewrd3","STRead","Initialize stumps within root disease areas of the stand.  These stumps will serve as inoculum sources from which infection will spread.","","STRead    !1,10!!2,10,classes!!3,10!         4!4,10!",4
"phewrd3","TDistn","Specify the type of spatial distribution in the stand","TDistn    !1,10!!2,10!!3,10!","",3
"phewrd3","TimeDead","Changes the time since death for dead infected trees and stumps in the inventory.","TimeDead  !1,10!!2,10!!3,10!!4,10!!5,10!","",5
"phewrd3","TTDMult","Change the time-to-death (time from root infection to death of the tree) multipliers for root disease mortality.","","TTDMult   !1,10!         4!2,10!!3,10!",3
"phewrd3","WindThr","Specify a windthrow event.","WindThr   !1,10!!2,10!!3,10!","",3
