"extension","keyword","field","widget","label","default","min","max","options","variant_defaults"
"ardwrd3","BBClear",1,"noInput","Deactivate the default bark beetle events. The model will automatically
schedule bark beetle events for bark beetle types 1, 3, and 4 using the
default values unless BBClear, BBType1, BBType2, BBType3, or BBType4 are 
used.","",NA,NA,"",""
"ardwrd3","BBOut",1,"noInput","Instructs the model to write a table of bark beetle output.","",NA,NA,"",""
"ardwrd3","BBType1",1,"scheduleBox","","",NA,NA,"",""
"ardwrd3","BBType1",2,"listButton","Number of outbreaks","Multiple outbreaks",NA,NA,"Multiple outbreaks|1 outbreak",""
"ardwrd3","BBType1",3,"speciesSelection","Tree species to infest","deleteAll PP",NA,NA,"",""
"ardwrd3","BBType1",4,"sliderBox","Mininimum DBH to infest (inches)","8",0,100,"",""
"ardwrd3","BBType1",5,"sliderBox","Minimum density of eligible trees (trees/acre)","150",0,500,"",""
"ardwrd3","BBType1",6,"sliderBox","Mortality rate applied to all eligible trees if an outbreak \
occurs","0.1",0,1,"",""
"ardwrd3","BBType2",1,"scheduleBox","","",NA,NA,"",""
"ardwrd3","BBType2",2,"listButton","Number of outbreaks","Multiple outbreaks",NA,NA,"Multiple outbreaks|1 outbreak",""
"ardwrd3","BBType2",3,"speciesSelection","Tree species to infest","deleteAll DF",NA,NA,"",""
"ardwrd3","BBType2",4,"sliderBox","Mininimum DBH to infest (inches)","0",0,100,"",""
"ardwrd3","BBType2",5,"sliderBox","Minimum density of windthrown trees (trees/acre)","10",0,100,"",""
"ardwrd3","BBType2",6,"sliderBox","Mortality rate applied to all eligible trees if an outbreak \
occurs","0.88",0,1,"",""
"ardwrd3","BBType3",1,"scheduleBox","","",NA,NA,"",""
"ardwrd3","BBType3",2,"listButton","Number of outbreaks","Multiple outbreaks",NA,NA,"Multiple outbreaks|1 outbreak",""
"ardwrd3","BBType3",3,"speciesSelection","Tree species to infest","",NA,NA,"","bm=bm ;; ci=ci ;; ec=ec ;; em=em ;; ni=ni ;; so=so ;; ws=ws"
"ardwrd3","BBType3",4,"sliderBox","Mininimum DBH to infest (inches)","10",0,100,"",""
"ardwrd3","BBType3",5,"sliderBox","Minimum density of eligible trees (trees/acre)","10",0,100,"",""
"ardwrd3","BBType3",6,"sliderBox","Minimum proportion of roots infected","0.3",0,1,"",""
"ardwrd3","BBType3",7,"sliderBox","Mortality rate applied to all eligible trees if an outbreak \
occurs","0.88",0,1,"",""
"ardwrd3","BBType4",1,"scheduleBox","","",NA,NA,"",""
"ardwrd3","BBType4",2,"listButton","Number of outbreaks","Multiple outbreaks",NA,NA,"Multiple outbreaks|1 outbreak",""
"ardwrd3","BBType4",3,"speciesSelection","Tree species to infest","deleteAll PP",NA,NA,"",""
"ardwrd3","BBType4",4,"sliderBox","Mininimum DBH to infest (inches)","4",0,100,"",""
"ardwrd3","BBType4",5,"sliderBox","Minimum density of eligible trees (trees/acre)","1",0,100,"",""
"ardwrd3","BBType4",6,"sliderBox","Minimum proportion of roots infected","0.4",0,1,"",""
"ardwrd3","BBType4",7,"sliderBox","Mortality rate applied to all eligible trees if an outbreak \
occurs","0.75",0,1,"",""
"ardwrd3","BBType4",8,"sliderBox","Mortality rate applied to all eligible trees with little or \
no infection","0.3",0,1,"",""
"ardwrd3","BBType4",9,"sliderBox","Mortality rate applied to all uninfected trees in the fringe \
area around the center","0.15",0,1,"",""
"ardwrd3","BBType4",10,"sliderBox","Mortality rate applied to all uninfected trees outside the \
center","0.01",0,1,"",""
"ardwrd3","Borate",1,"scheduleBox","","",NA,NA,"",""
"ardwrd3","Borate",2,"sliderBox","Proportion of newly cut stumps to recieve borax treatment","0.95",0,1,"",""
"ardwrd3","Borate",3,"sliderBox","Minimum stump diameter (inches) for borax treatment","12",0,50,"",""
"ardwrd3","DNSCalc",1,"listButton","Method of calculating outbreak density","trees/acre",NA,NA,"trees/acre|SDI",""
"ardwrd3","DNSCalc",2,"listButton","Area used to calculate density","entire stand",NA,NA,"entire stand|area outside root disease patches",""
"ardwrd3","DNSCalc",3,"listButton","Tree type to use to calculate density","only living trees",NA,NA,"only living trees|living trees and standing dead trees",""
"ardwrd3","DNSCalc",4,"sliderBox","Slope of the SDI function","-1.605",-2.5,-0.5,"",""
"ardwrd3","InfColo",1,"speciesSelection","Tree species to modify","deleteAll",NA,NA,"",""
"ardwrd3","InfColo",2,"sliderBox","Maximum proportion of root system colonized after death","0",1,0,"",""
"ardwrd3","InfColo",3,"listButton","Type of Annosus Root Disease","P-Type",NA,NA,"P-Type|S-Type",""
"ardwrd3","InfKill",1,"listButton","Type of Annosus Root Disease","Both P-Type and S-Type",NA,NA,"Both P-Type and S-Type|P-Type|S-Type",""
"ardwrd3","InfKill",2,"speciesSelection","Tree species to change","deleteAll",NA,NA,"",""
"ardwrd3","InfKill",3,"sliderBox","Proportion of the root system infected","0",0,1,"",""
"ardwrd3","InfMult",1,"intNumberBox","Date","0",NA,NA,"",""
"ardwrd3","InfMult",2,"listButton","Type of Annosus Root Disease","Both P-Type and S-Type",NA,NA,"Both P-Type and S-Type|P-Type|S-Type",""
"ardwrd3","InfMult",3,"speciesSelection","Tree species to change","deleteAll",NA,NA,"",""
"ardwrd3","InfMult",4,"sliderBox","Probability of infection","0",0,1,"",""
"ardwrd3","InfSims",1,"intSliderBox","Number of times to simulate inside-center dynamics","1",1,50,"",""
"ardwrd3","InfSims",2,"listButton","Print output","No",NA,NA,"No|Yes",""
"ardwrd3","InfSims",3,"longTextEdit","Name of file","",NA,NA,"",""
"ardwrd3","InocLife",1,"textEdit","","0.02212",NA,NA,"",""
"ardwrd3","InocLife",2,"textEdit","","1.2032",NA,NA,"",""
"ardwrd3","InocLife",3,"textEdit","root radius decay stalls","0.16667",NA,NA,"",""
"ardwrd3","InocLife",4,"textEdit","","0.0",NA,NA,"",""
"ardwrd3","InocLife",5,"textEdit","","2.0",NA,NA,"",""
"ardwrd3","InocLife",6,"textEdit","","0.0",NA,NA,"",""
"ardwrd3","InocLife",7,"listButton","Type of Annosus Root Disease","Both P-Type and S-Type",NA,NA,"Both P-Type and S-Type|P-Type|S-Type",""
"ardwrd3","InocSpan",1,"intNumberBox","Minimum life span for P type Annosus, in years","0 0 100",NA,NA,"",""
"ardwrd3","InocSpan",2,"intNumberBox","Minimum life span for S type Annosus, in years","0 0 100",NA,NA,"",""
"ardwrd3","PlotInf",1,"listButton","Type of Annosus Root Disease","P-Type",NA,NA,"P-Type|S-Type",""
"ardwrd3","PlotInf",2,"intNumberBox","1) Enter diseased sub-plot number","blank -999 9999",NA,NA,"",""
"ardwrd3","PlotInf",3,"intNumberBox","1) Enter proportion of trees in plot infected","blank 0.0 1.0",NA,NA,"",""
"ardwrd3","PlotInf",4,"intNumberBox","2) Enter diseased sub-plot number","blank -999 9999",NA,NA,"",""
"ardwrd3","PlotInf",5,"intNumberBox","2) Enter proportion of trees in plot infected","blank 0.0 1.0",NA,NA,"",""
"ardwrd3","PlotInf",6,"intNumberBox","3) Enter diseased sub-plot number","blank -999 9999",NA,NA,"",""
"ardwrd3","PlotInf",7,"intNumberBox","3) Enter proportion of trees in plot infected","blank 0.0 1.0",NA,NA,"",""
"ardwrd3","PlotInf",8,"intNumberBox","4) Enter diseased sub-plot number","blank -999 9999",NA,NA,"",""
"ardwrd3","PlotInf",9,"intNumberBox","4) Enter proportion of trees in plot infected","blank 0.0 1.0",NA,NA,"",""
"ardwrd3","PlotInf",10,"intNumberBox","5) Enter diseased sub-plot number","blank -999 9999",NA,NA,"",""
"ardwrd3","PlotInf",11,"intNumberBox","5) Enter proportion of trees in plot infected","blank 0.0 1.0",NA,NA,"",""
"ardwrd3","PlotInf",12,"intNumberBox","6) Enter diseased sub-plot number","blank -999 9999",NA,NA,"",""
"ardwrd3","PlotInf",13,"intNumberBox","6) Enter proportion of trees in plot infected","blank 0.0 1.0",NA,NA,"",""
"ardwrd3","PlotInf",14,"intNumberBox","7) Enter diseased sub-plot number","blank -999 9999",NA,NA,"",""
"ardwrd3","PlotInf",15,"intNumberBox","7) Enter proportion of trees in plot infected","blank 0.0 1.0",NA,NA,"",""
"ardwrd3","PlotInf",16,"intNumberBox","8) Enter diseased sub-plot number","blank -999 9999",NA,NA,"",""
"ardwrd3","PlotInf",17,"intNumberBox","8) Enter proportion of trees in plot infected","blank 0.0 1.0",NA,NA,"",""
"ardwrd3","PlotInf",18,"intNumberBox","9) Enter diseased sub-plot number","blank -999 9999",NA,NA,"",""
"ardwrd3","PlotInf",19,"intNumberBox","9) Enter proportion of trees in plot infected","blank 0.0 1.0",NA,NA,"",""
"ardwrd3","PlotInf",20,"intNumberBox","10) Enter diseased sub-plot number","blank -999 9999",NA,NA,"",""
"ardwrd3","PlotInf",21,"intNumberBox","10) Enter proportion of trees in plot infected","blank 0.0 1.0",NA,NA,"",""
"ardwrd3","PlotInf",22,"intNumberBox","11) Enter diseased sub-plot number","blank -999 9999",NA,NA,"",""
"ardwrd3","PlotInf",23,"intNumberBox","11) Enter proportion of trees in plot infected","blank 0.0 1.0",NA,NA,"",""
"ardwrd3","PlRead",1,"listButton","Type of Annosus Root Disease","P-Type",NA,NA,"P-Type|S-Type",""
"ardwrd3","PlRead",2,"intNumberBox","Enter diseased sub-plot number","blank -999 9999",NA,NA,"",""
"ardwrd3","PlRead",3,"intNumberBox","Enter diseased sub-plot number","blank -999 9999",NA,NA,"",""
"ardwrd3","PlRead",4,"intNumberBox","Enter diseased sub-plot number","blank -999 9999",NA,NA,"",""
"ardwrd3","PlRead",5,"intNumberBox","Enter diseased sub-plot number","blank -999 9999",NA,NA,"",""
"ardwrd3","PlRead",6,"intNumberBox","Enter diseased sub-plot number","blank -999 9999",NA,NA,"",""
"ardwrd3","PlRead",7,"intNumberBox","Enter diseased sub-plot number","blank -999 9999",NA,NA,"",""
"ardwrd3","PlRead",8,"intNumberBox","Enter diseased sub-plot number","blank -999 9999",NA,NA,"",""
"ardwrd3","PlRead",9,"intNumberBox","Enter diseased sub-plot number","blank -999 9999",NA,NA,"",""
"ardwrd3","PlRead",10,"intNumberBox","Enter diseased sub-plot number","blank -999 9999",NA,NA,"",""
"ardwrd3","PlRead",11,"intNumberBox","Enter diseased sub-plot number","blank -999 9999",NA,NA,"",""
"ardwrd3","PlRead",12,"intNumberBox","Enter diseased sub-plot number","blank -999 9999",NA,NA,"",""
"ardwrd3","PStump",1,"scheduleBox","","",NA,NA,"",""
"ardwrd3","PStump",2,"sliderBox","Proportion of stumps to be removed","1",0,1,"",""
"ardwrd3","PStump",3,"sliderBox","Minimum stump diameter (inches) for stump pushing","0",0,100,"",""
"ardwrd3","RRComp",1,"intSliderBox","Number of records to which tree list is compressed","400",1,500,"",""
"ardwrd3","RREcho",1,"longTextEdit","Name of file","",NA,NA,"",""
"ardwrd3","RRHosts",1,"speciesSelection","Host tree species","deleteAll",NA,NA,"",""
"ardwrd3","RRHosts",2,"listButton","Annosus root disease type to host","Neither type",NA,NA,"Neither type|P-Type|S-Type",""
"ardwrd3","RRInit",1,"longListButton","\
Disease center configuration","Disease centers randomly distributed",NA,NA,"Disease centers randomly distributed|Disease centers placed using supplemental records",""
"ardwrd3","RRInit",2,"intNumberBox","Number of root disease centers to be located in the stand","20 1 100",NA,NA,"",""
"ardwrd3","RRInit",3,"intNumberBox","Number of infected trees/arcre in the root disease centers","blank 1 100000",NA,NA,"",""
"ardwrd3","RRInit",4,"intNumberBox","Number of uninfected trees/arcre in the root disease centers","blank 1 100000",NA,NA,"",""
"ardwrd3","RRInit",5,"sliderBox","Average proportion of root infection","0.1",0,1,"",""
"ardwrd3","RRInit",6,"numberBox","Total root disease area (acres)","blank 0 100000",NA,NA,"",""
"ardwrd3","RRInit",7,"listButton","Annosus root disease type","P-Type",NA,NA,"P-Type|S-Type",""
"ardwrd3","RRJump",1,"numberBox","Average root-system diameter multiplier for P-Type Annosus","1.0 0.0 1000.0",NA,NA,"",""
"ardwrd3","RRJump",2,"numberBox","Average root-system diameter multiplier for S-Type Annosus","1.0 0.0 1000.0",NA,NA,"",""
"ardwrd3","RRMinK",1,"intSliderBox","Time to death in years for P-Type Annosus","0",0,100,"",""
"ardwrd3","RRMinK",2,"intSliderBox","Time to death in years for S-Type Annosus","0",0,100,"",""
"ardwrd3","RRType",1,"listButton","Annosus root disease type","P-Type",NA,NA,"P-Type|S-Type",""
"ardwrd3","RRType",2,"listButton","Second Annosus root disease type","None",NA,NA,"None|S-Type",""
"ardwrd3","RSeed",1,"intNumberBox","Random number generator seed value","889347",NA,NA,"",""
"ardwrd3","SArea",1,"numberBox","Stand area in acres","100 0 100000",NA,NA,"",""
"ardwrd3","SDIRMult",1,"intSliderBox","The ""normal"" SDI (SDI at which the multiplier is 1)","369",0,1000,"",""
"ardwrd3","SDIRMult",2,"intSliderBox","Slope of the relationship between SDI and multiplier","-0.0033",-10,10,"",""
"ardwrd3","SMCOut",1,"longTextEdit","Name of file","",NA,NA,"",""
"ardwrd3","Spore",1,"scheduleBox","","",NA,NA,"",""
"ardwrd3","Spore",2,"sliderBox","Proportion of newly cut stumps to be infected","0.1",0,1,"",""
"ardwrd3","Spore",3,"sliderBox","Minimum stump diameter (inches) for forming new centers","14",0,50,"",""
"ardwrd3","Spore",4,"sliderBox","Multiplier for time-to-death for spore initiated centers","3",0,10,"",""
"ardwrd3","Spore",5,"sliderBox","Multiplier for the probability of infection transmission","0.5",0,1,"",""
"ardwrd3","Spore",6,"listButton","Annosus root disease type","P-Type",NA,NA,"P-Type|S-Type",""
"ardwrd3","Spread",1,"scheduleBox","","",NA,NA,"",""
"ardwrd3","Spread",2,"longListButton","Type of spread model","Static spread model",NA,NA,"Static spread model|Dynamic spread model, different spread rates for each center|Dynamic spread model, average spread rate for each center",""
"ardwrd3","Spread",3,"sliderBox","Static spread rate; Fixed annual spread rate for P-Type","1",0,10,"",""
"ardwrd3","Spread",4,"sliderBox","Static spread rate; Fixed annual spread rate for S-Type","1",0,10,"",""
"ardwrd3","Spread",5,"intSliderBox","Number of times to simulate the Monte Carlo spread model","1",1,50,"",""
"ardwrd3","STRead",1,"speciesSelection","Tree species of stump","deleteAll",NA,NA,"",""
"ardwrd3","STRead",2,"longListButton","\
Stump diameter class","0.0 to  12.0 inches",NA,NA,"0.0 to  12.0 inches|12.1 to  24.0 inches|24.1 to  48.0 inches|48.1 to 100.0 inches|larger than 100.0 inches",""
"ardwrd3","STRead",3,"intNumberBox","Number of stumps of given species and diameter class","blank,1,100000",NA,NA,"",""
"ardwrd3","STRead",4,"listButton","Annosus root disease type","P-Type",NA,NA,"P-Type|S-Type",""
"ardwrd3","STRead",5,"intSliderBox","Number of years since death","0",0,20,"",""
"ardwrd3","TDistn",1,"intNumberBox","Year in which distribution changes to other type","0",NA,NA,"",""
"ardwrd3","TDistn",2,"listButton","Current tree spatial distribution","Random tree distribution",NA,NA,"Random tree distribution|Gridded tree spacing",""
"ardwrd3","TDistn",3,"numberBox","Standard deviation of mean distance between trees","1.0",NA,NA,"",""
"ardwrd3","TimeDead",1,"intSliderBox","Number of years since death for size class  0-12""","5",0,20,"",""
"ardwrd3","TimeDead",2,"intSliderBox","Number of years since death for size class 12-24""","10",0,20,"",""
"ardwrd3","TimeDead",3,"intSliderBox","Number of years since death for size class 24-48""","15",0,20,"",""
"ardwrd3","TimeDead",4,"intSliderBox","Number of years since death for size class 48-100""","15",0,20,"",""
"ardwrd3","TimeDead",5,"intSliderBox","Number of years since death for size class > 100""","15",0,20,"",""
"ardwrd3","TTDMult",1,"intNumberBox","Year value takes effect","0",NA,NA,"",""
"ardwrd3","TTDMult",2,"listButton","Type of Annosus Root Disease","Both P-Type and S-Type",NA,NA,"Both P-Type and S-Type|P-Type|S-Type",""
"ardwrd3","TTDMult",3,"speciesSelection","Tree species to modify","deleteAll",NA,NA,"",""
"ardwrd3","TTDMult",4,"numberBox","Time-to-death multiplier","blank",NA,NA,"",""
"ardwrd3","WindThr",1,"scheduleBox","","",NA,NA,"",""
"ardwrd3","WindThr",2,"sliderBox","Proportion of eligible trees to be windthrown","0",0,1,"",""
"ardwrd3","WindThr",3,"sliderBox","Minimum number of eligible trees/acre necessary for windthrow","0",0,1000,"",""
"armwrd3","BBClear",1,"noInput","Deactivate the default bark beetle events. The model will automatically
schedule bark beetle events for bark beetle types 1, 3, and 4 using the
default values unless BBClear, BBType1, BBType2, BBType3, or BBType4 are 
used.","",NA,NA,"",""
"armwrd3","BBOut",1,"noInput","Instructs the model to write a table of bark beetle output.","",NA,NA,"",""
"armwrd3","BBType1",1,"scheduleBox","","",NA,NA,"",""
"armwrd3","BBType1",2,"listButton","Number of outbreaks","Multiple outbreaks",NA,NA,"Multiple outbreaks|1 outbreak",""
"armwrd3","BBType1",3,"speciesSelection","Tree species to infest","deleteAll PP",NA,NA,"",""
"armwrd3","BBType1",4,"sliderBox","Mininimum DBH to infest (inches)","8",0,100,"",""
"armwrd3","BBType1",5,"sliderBox","Minimum density of eligible trees (trees/acre)","150",0,500,"",""
"armwrd3","BBType1",6,"sliderBox","Mortality rate applied to all eligible trees if an outbreak \
occurs","0.1",0,1,"",""
"armwrd3","BBType2",1,"scheduleBox","","",NA,NA,"",""
"armwrd3","BBType2",2,"listButton","Number of outbreaks","Multiple outbreaks",NA,NA,"Multiple outbreaks|1 outbreak",""
"armwrd3","BBType2",3,"speciesSelection","Tree species to infest","deleteAll DF",NA,NA,"",""
"armwrd3","BBType2",4,"sliderBox","Mininimum DBH to infest (inches)","0",0,100,"",""
"armwrd3","BBType2",5,"sliderBox","Minimum density of windthrown trees (trees/acre)","10",0,100,"",""
"armwrd3","BBType2",6,"sliderBox","Mortality rate applied to all eligible trees if an outbreak \
occurs","0.88",0,1,"",""
"armwrd3","BBType3",1,"scheduleBox","","",NA,NA,"",""
"armwrd3","BBType3",2,"listButton","Number of outbreaks","Multiple outbreaks",NA,NA,"Multiple outbreaks|1 outbreak",""
"armwrd3","BBType3",3,"speciesSelection","Tree species to infest","",NA,NA,"","bm=bm ;; ci=ci ;; ec=ec ;; em=em ;; ni=ni ;; so=so ;; ws=ws"
"armwrd3","BBType3",4,"sliderBox","Mininimum DBH to infest (inches)","10",0,100,"",""
"armwrd3","BBType3",5,"sliderBox","Minimum density of eligible trees (trees/acre)","10",0,100,"",""
"armwrd3","BBType3",6,"sliderBox","Minimum proportion of roots infected","0.3",0,1,"",""
"armwrd3","BBType3",7,"sliderBox","Mortality rate applied to all eligible trees if an outbreak \
occurs","0.88",0,1,"",""
"armwrd3","BBType4",1,"scheduleBox","","",NA,NA,"",""
"armwrd3","BBType4",2,"listButton","Number of outbreaks","Multiple outbreaks",NA,NA,"Multiple outbreaks|1 outbreak",""
"armwrd3","BBType4",3,"speciesSelection","Tree species to infest","deleteAll PP",NA,NA,"",""
"armwrd3","BBType4",4,"sliderBox","Mininimum DBH to infest (inches)","4",0,100,"",""
"armwrd3","BBType4",5,"sliderBox","Minimum density of eligible trees (trees/acre)","1",0,100,"",""
"armwrd3","BBType4",6,"sliderBox","Minimum proportion of roots infected","0.4",0,1,"",""
"armwrd3","BBType4",7,"sliderBox","Mortality rate applied to all eligible trees if an outbreak \
occurs","0.75",0,1,"",""
"armwrd3","BBType4",8,"sliderBox","Mortality rate applied to all eligible trees with little or \
no infection","0.3",0,1,"",""
"armwrd3","BBType4",9,"sliderBox","Mortality rate applied to all uninfected trees in the fringe \
area around the center","0.15",0,1,"",""
"armwrd3","BBType4",10,"sliderBox","Mortality rate applied to all uninfected trees outside the \
center","0.01",0,1,"",""
"armwrd3","DNSCalc",1,"listButton","Method of calculating outbreak density","trees/acre",NA,NA,"trees/acre|SDI",""
"armwrd3","DNSCalc",2,"listButton","Area used to calculate density","entire stand",NA,NA,"entire stand|area outside root disease patches",""
"armwrd3","DNSCalc",3,"listButton","Tree type to use to calculate density","only living trees",NA,NA,"only living trees|living trees and standing dead trees",""
"armwrd3","DNSCalc",4,"sliderBox","Slope of the SDI function","-1.605",-2.5,-0.5,"",""
"armwrd3","InfColo",1,"speciesSelection","Tree species to modify","deleteAll",NA,NA,"",""
"armwrd3","InfColo",2,"sliderBox","Maximum proportion of root system colonized after death","0",1,0,"",""
"armwrd3","InfKill",1,"speciesSelection","Tree species to change","deleteAll",NA,NA,"",""
"armwrd3","InfKill",2,"sliderBox","Proportion of the root system infected","0",0,1,"",""
"armwrd3","InfMult",1,"intNumberBox","Date","0",NA,NA,"",""
"armwrd3","InfMult",2,"speciesSelection","Tree species to change","deleteAll",NA,NA,"",""
"armwrd3","InfMult",3,"sliderBox","Probability of infection","0",0,1,"",""
"armwrd3","InfSims",1,"intSliderBox","Number of times to simulate inside-center dynamics","1",1,50,"",""
"armwrd3","InfSims",2,"listButton","Print output","No",NA,NA,"No|Yes",""
"armwrd3","InfSims",3,"longTextEdit","Name of file","",NA,NA,"",""
"armwrd3","InocLife",1,"textEdit","","0.02212",NA,NA,"",""
"armwrd3","InocLife",2,"textEdit","","1.2032",NA,NA,"",""
"armwrd3","InocLife",3,"textEdit","root radius decay stalls","0.16667",NA,NA,"",""
"armwrd3","InocLife",4,"textEdit","","0.0",NA,NA,"",""
"armwrd3","InocLife",5,"textEdit","","2.0",NA,NA,"",""
"armwrd3","InocLife",6,"textEdit","","0.0",NA,NA,"",""
"armwrd3","InocSpan",1,"intNumberBox","Minimum life span for Armillaria, in years","0 0 100",NA,NA,"",""
"armwrd3","PlotInf",1,"intNumberBox","1) Enter diseased sub-plot number","blank -999 9999",NA,NA,"",""
"armwrd3","PlotInf",2,"intNumberBox","1) Enter proportion of trees in plot infected","blank 0.0 1.0",NA,NA,"",""
"armwrd3","PlotInf",3,"intNumberBox","2) Enter diseased sub-plot number","blank -999 9999",NA,NA,"",""
"armwrd3","PlotInf",4,"intNumberBox","2) Enter proportion of trees in plot infected","blank 0.0 1.0",NA,NA,"",""
"armwrd3","PlotInf",5,"intNumberBox","3) Enter diseased sub-plot number","blank -999 9999",NA,NA,"",""
"armwrd3","PlotInf",6,"intNumberBox","3) Enter proportion of trees in plot infected","blank 0.0 1.0",NA,NA,"",""
"armwrd3","PlotInf",7,"intNumberBox","4) Enter diseased sub-plot number","blank -999 9999",NA,NA,"",""
"armwrd3","PlotInf",8,"intNumberBox","4) Enter proportion of trees in plot infected","blank 0.0 1.0",NA,NA,"",""
"armwrd3","PlotInf",9,"intNumberBox","5) Enter diseased sub-plot number","blank -999 9999",NA,NA,"",""
"armwrd3","PlotInf",10,"intNumberBox","5) Enter proportion of trees in plot infected","blank 0.0 1.0",NA,NA,"",""
"armwrd3","PlotInf",11,"intNumberBox","6) Enter diseased sub-plot number","blank -999 9999",NA,NA,"",""
"armwrd3","PlotInf",12,"intNumberBox","6) Enter proportion of trees in plot infected","blank 0.0 1.0",NA,NA,"",""
"armwrd3","PlotInf",13,"intNumberBox","7) Enter diseased sub-plot number","blank -999 9999",NA,NA,"",""
"armwrd3","PlotInf",14,"intNumberBox","7) Enter proportion of trees in plot infected","blank 0.0 1.0",NA,NA,"",""
"armwrd3","PlotInf",15,"intNumberBox","8) Enter diseased sub-plot number","blank -999 9999",NA,NA,"",""
"armwrd3","PlotInf",16,"intNumberBox","8) Enter proportion of trees in plot infected","blank 0.0 1.0",NA,NA,"",""
"armwrd3","PlotInf",17,"intNumberBox","9) Enter diseased sub-plot number","blank -999 9999",NA,NA,"",""
"armwrd3","PlotInf",18,"intNumberBox","9) Enter proportion of trees in plot infected","blank 0.0 1.0",NA,NA,"",""
"armwrd3","PlotInf",19,"intNumberBox","10) Enter diseased sub-plot number","blank -999 9999",NA,NA,"",""
"armwrd3","PlotInf",20,"intNumberBox","10) Enter proportion of trees in plot infected","blank 0.0 1.0",NA,NA,"",""
"armwrd3","PlotInf",21,"intNumberBox","11) Enter diseased sub-plot number","blank -999 9999",NA,NA,"",""
"armwrd3","PlotInf",22,"intNumberBox","11) Enter proportion of trees in plot infected","blank 0.0 1.0",NA,NA,"",""
"armwrd3","PlRead",1,"intNumberBox","Enter diseased sub-plot number","blank -999 9999",NA,NA,"",""
"armwrd3","PlRead",2,"intNumberBox","Enter diseased sub-plot number","blank -999 9999",NA,NA,"",""
"armwrd3","PlRead",3,"intNumberBox","Enter diseased sub-plot number","blank -999 9999",NA,NA,"",""
"armwrd3","PlRead",4,"intNumberBox","Enter diseased sub-plot number","blank -999 9999",NA,NA,"",""
"armwrd3","PlRead",5,"intNumberBox","Enter diseased sub-plot number","blank -999 9999",NA,NA,"",""
"armwrd3","PlRead",6,"intNumberBox","Enter diseased sub-plot number","blank -999 9999",NA,NA,"",""
"armwrd3","PlRead",7,"intNumberBox","Enter diseased sub-plot number","blank -999 9999",NA,NA,"",""
"armwrd3","PlRead",8,"intNumberBox","Enter diseased sub-plot number","blank -999 9999",NA,NA,"",""
"armwrd3","PlRead",9,"intNumberBox","Enter diseased sub-plot number","blank -999 9999",NA,NA,"",""
"armwrd3","PlRead",10,"intNumberBox","Enter diseased sub-plot number","blank -999 9999",NA,NA,"",""
"armwrd3","PlRead",11,"intNumberBox","Enter diseased sub-plot number","blank -999 9999",NA,NA,"",""
"armwrd3","PStump",1,"scheduleBox","","",NA,NA,"",""
"armwrd3","PStump",2,"sliderBox","Proportion of stumps to be removed","1",0,1,"",""
"armwrd3","PStump",3,"sliderBox","Minimum stump diameter (inches) for stump pushing","0",0,100,"",""
"armwrd3","RRComp",1,"intSliderBox","Number of records to which tree list is compressed","400",1,500,"",""
"armwrd3","RREcho",1,"longTextEdit","Name of file","",NA,NA,"",""
"armwrd3","RRInit",1,"longListButton","\
Disease center configuration","Disease centers randomly distributed",NA,NA,"Disease centers randomly distributed|Disease centers placed using supplemental records",""
"armwrd3","RRInit",2,"intNumberBox","Number of root disease centers to be located in the stand","20 1 100",NA,NA,"",""
"armwrd3","RRInit",3,"intNumberBox","Number of infected trees/arcre in the root disease centers","blank 1 100000",NA,NA,"",""
"armwrd3","RRInit",4,"intNumberBox","Number of uninfected trees/arcre in the root disease centers","blank 1 100000",NA,NA,"",""
"armwrd3","RRInit",5,"sliderBox","Average proportion of root infection","0.1",0,1,"",""
"armwrd3","RRInit",6,"numberBox","Total root disease area (acres)","blank 0 100000",NA,NA,"",""
"armwrd3","RRJump",1,"numberBox","Average root-system diameter multiplier for Armillaria","1.0 0.0 1000.0",NA,NA,"",""
"armwrd3","RRMinK",1,"intSliderBox","Time to death in years for Armillaria","0",0,100,"",""
"armwrd3","RSeed",1,"intNumberBox","Random number generator seed value","889347",NA,NA,"",""
"armwrd3","SArea",1,"numberBox","Stand area in acres","100 0 100000",NA,NA,"",""
"armwrd3","SDIRMult",1,"intSliderBox","The ""normal"" SDI (SDI at which the multiplier is 1)","369",0,1000,"",""
"armwrd3","SDIRMult",2,"intSliderBox","Slope of the relationship between SDI and multiplier","-0.0033",-10,10,"",""
"armwrd3","SMCOut",1,"longTextEdit","Name of file","",NA,NA,"",""
"armwrd3","Spread",1,"scheduleBox","","",NA,NA,"",""
"armwrd3","Spread",2,"longListButton","Type of spread model","Static spread model",NA,NA,"Static spread model|Dynamic spread model, different spread rates for each center|Dynamic spread model, average spread rate for each center",""
"armwrd3","Spread",3,"sliderBox","Static spread rate; Fixed annual spread rate for Laminated Root Rot","1",0,10,"",""
"armwrd3","Spread",4,"intSliderBox","Number of times to simulate the Monte Carlo spread model","1",1,50,"",""
"armwrd3","STRead",1,"speciesSelection","Tree species of stump","deleteAll",NA,NA,"",""
"armwrd3","STRead",2,"longListButton","\
Stump diameter class","0.0 to  12.0 inches",NA,NA,"0.0 to  12.0 inches|12.1 to  24.0 inches|24.1 to  48.0 inches|48.1 to 100.0 inches|larger than 100.0 inches",""
"armwrd3","STRead",3,"intNumberBox","Number of stumps of given species and diameter class","blank,1,100000",NA,NA,"",""
"armwrd3","STRead",4,"intSliderBox","Number of years since death","0",0,20,"",""
"armwrd3","TDistn",1,"intNumberBox","Year in which distribution changes to other type","0",NA,NA,"",""
"armwrd3","TDistn",2,"listButton","Current tree spatial distribution","Random tree distribution",NA,NA,"Random tree distribution|Gridded tree spacing",""
"armwrd3","TDistn",3,"numberBox","Standard deviation of mean distance between trees","1.0",NA,NA,"",""
"armwrd3","TimeDead",1,"intSliderBox","Number of years since death for size class  0-12""","5",0,20,"",""
"armwrd3","TimeDead",2,"intSliderBox","Number of years since death for size class 12-24""","10",0,20,"",""
"armwrd3","TimeDead",3,"intSliderBox","Number of years since death for size class 24-48""","15",0,20,"",""
"armwrd3","TimeDead",4,"intSliderBox","Number of years since death for size class 48-100""","15",0,20,"",""
"armwrd3","TimeDead",5,"intSliderBox","Number of years since death for size class > 100""","15",0,20,"",""
"armwrd3","TTDMult",1,"intNumberBox","Year value takes effect","0",NA,NA,"",""
"armwrd3","TTDMult",2,"speciesSelection","Tree species to modify","deleteAll",NA,NA,"",""
"armwrd3","TTDMult",3,"numberBox","Time-to-death multiplier","blank",NA,NA,"",""
"armwrd3","WindThr",1,"scheduleBox","","",NA,NA,"",""
"armwrd3","WindThr",2,"sliderBox","Proportion of eligible trees to be windthrown","0",0,1,"",""
"armwrd3","WindThr",3,"sliderBox","Minimum number of eligible trees/acre necessary for windthrow","0",0,1000,"",""
"base","AddFile",1,"numberBox","Data set reference number","50",NA,NA,"",""
"base","ATRTList",1,"scheduleBox","","",NA,NA,"",""
"base","ATRTList",2,"numberBox","Database reference number for the output tree record file","3",NA,NA,"",""
"base","ATRTList",3,"longListButton","Heading option","Print heading that describes each table column",NA,NA,"Print heading that describes each table column|Print encoded (machine readable) header|Suppress all headings",""
"base","BAIMult",1,"scheduleBox","","",NA,NA,"",""
"base","BAIMult",2,"speciesSelection","Species to which multiplier is applied","",NA,NA,"",""
"base","BAIMult",3,"sliderBox","Multiplier value","1",0,20,"",""
"base","BAMax",1,"sliderBox","Maximum basal area (sq. ft.) per acre","310",150,650,"","ci=ci"
"base","BFDefect",1,"scheduleBox","","",NA,NA,"",""
"base","BFDefect",2,"speciesSelection","Species that will be affected by this keyword","",NA,NA,"",""
"base","BFDefect",3,"sliderBox","Board foot volume defect proportion for a 5-inch tree","0",0,1,"",""
"base","BFDefect",4,"sliderBox","Board foot volume defect proportion for a 10-inch tree","0",0,1,"",""
"base","BFDefect",5,"sliderBox","Board foot volume defect proportion for a 15-inch tree","0",0,1,"",""
"base","BFDefect",6,"sliderBox","Board foot volume defect proportion for a 20-inch tree","0",0,1,"",""
"base","BFDefect",7,"sliderBox","Board foot volume defect proportion for 25-inch tree and greater","0",0,1,"",""
"base","BFFDLN",1,"speciesSelection","Species whose equation is to be changed","",NA,NA,"",""
"base","BFFDLN",2,"numberBox","Intercept terms for log-linear equation","0",NA,NA,"",""
"base","BFFDLN",3,"numberBox","Slope coefficient for log-linear equation","1",NA,NA,"",""
"base","BFVolume",1,"scheduleBox","","",NA,NA,"",""
"base","BFVolume",2,"speciesSelection","Species whose limits are to be changed","",NA,NA,"",""
"base","BFVolume",3,"numberBox","Minimum merchantable DBH","",NA,NA,"","ni ie em bm ec kt wc pn ca=ni ie em bm ec kt wc pn ca ;; so ak nc=so ak nc ;; ut tt ci=ut tt ci ;; ws=ws ;; cr sw sp sf lp bp=cr sw sp sf lp bp ;; ne ls cs sn=ne ls cs sn"
"base","BFVolume",4,"numberBox","Minimum top diameter","",NA,NA,"","ni ie em bm ec kt wc pn ca=ni ie em bm ec kt wc pn ca ;; so ut tt ak ws ci nc=so ut tt ak ws ci nc ;; cr sw sp sf lp bp=cr sw sp sf lp bp ;; ne ls cs sn=ne ls cs sn"
"base","BFVolume",5,"numberBox","Stump height","blank",NA,NA,"",""
"base","BFVolume",6,"numberBox","Form class","",NA,NA,"","ni ie ut tt ak em ws ci cr bp sw sp sf lp ne ls cs sn kt=ni ie ut tt ak em ws ci cr bp sw sp sf lp ne ls cs sn kt ;; nc so bm ec wc pn ca=nc so bm ec wc pn ca"
"base","BFVolume",7,"longListButton","Volume calculation method","\",NA,NA,"\|6 = National Volume Estimator library equations|9 = NATCRS equations with international 1/4-inch board foot volumes","cs ls ne=cs ls ne"
"base","CalbStat",1,"noInput","","13",NA,NA,"",""
"base","CalbStat",2,"numberBox","Min. number of lrg tree dbh grwth measurements per species needed","5",NA,NA,"",""
"base","CalbStat",3,"numberBox","Min. number of sm tree ht grwth measurements per species needed","5",NA,NA,"",""
"base","CCAdj",1,"scheduleBox","","0",NA,NA,"",""
"base","CCAdj",2,"longListButton","Overlap Coefficient (Distribution Type)","1.0 (Random)",NA,NA,"0.13 (Extremely Clumpy)|0.33 (Very Clumpy)|0.60 (Moderately Clumpy)|0.93 (Slightly Clumpy)|1.0 (Random)|1.15 (Slightly Uniform)|1.52 (Moderately Uniform)|2.11 (Very Uniform)|3.77 (Extremely Uniform)",""
"base","CHEAPO",1,"numberBox","Dataset reference number","13",NA,NA,"",""
"base","Close",1,"numberBox","File reference number for the input or output file.","50",NA,NA,"",""
"base","Compress",1,"scheduleBox","","",NA,NA,"",""
"base","Compress",2,"sliderBox","Target number of tree records","675",50,3000,"",""
"base","Compress",3,"sliderBox","Percent defined by largest-difference method","50",0,100,"",""
"base","Compress",4,"listButton","Generate a lot of debug output","No",NA,NA,"No|Yes",""
"base","Compute",1,"scheduleBox","","",NA,NA,"",""
"base","CrnMult",1,"noInput","Not applicable to the variant you are using.","",NA,NA,"",""
"base","CrnMult",3,"","","",NA,NA,"","ak bm cr sw sp bp sf lp ec em nc so tt ut wc ws cs ls ne sn pn ca=ak bm cr sw sp bp sf lp ec em nc so tt ut wc ws cs ls ne sn pn ca"
"base","CrnMult",4,"","","",NA,NA,"","ak bm cr sw sp bp sf lp ec em nc so tt ut wc ws cs ls ne sn pn ca=ak bm cr sw sp bp sf lp ec em nc so tt ut wc ws cs ls ne sn pn ca"
"base","CrnMult",5,"","","",NA,NA,"","ak bm cr sw sp bp sf lp ec em nc so tt ut wc ws cs ls ne sn pn ca=ak bm cr sw sp bp sf lp ec em nc so tt ut wc ws cs ls ne sn pn ca"
"base","CrnMult",6,"longListButton","Application of multiplier","Apply multiplier to crown change and dubbed crowns",NA,NA,"Apply multiplier to crown change and dubbed crowns|Apply multiplier to dubbed crowns only",""
"base","CutEff",1,"sliderBox","Proportion of sample trees to be removed","1",0,1,"",""
"base","CutList",1,"scheduleBox","","",NA,NA,"",""
"base","CutList",2,"numberBox","Database reference number for the output tree record file","3",NA,NA,"",""
"base","CutList",3,"longListButton","Heading option","Print heading that describes each table column",NA,NA,"Print heading that describes each table column|Output heading used by post processing programs|Suppress all headings",""
"base","CutList",4,"listButton","Listing format","Generate output in current format",NA,NA,"Generate output in current format|Generate output in pre-1993 format",""
"base","CWEqn",1,"speciesSelection","Species to which equation is applied","",NA,NA,"",""
"base","CWEqn",2,"sliderBox","Transition DBH between small and large tree coefficients","0",NA,NA,"",""
"base","CWEqn",3,"numberBox","Coeff0","0",NA,NA,"",""
"base","CWEqn",4,"numberBox","Coeff1 * DBH","0",NA,NA,"",""
"base","CWEqn",5,"numberBox","Coeff2 * f(DBH,Coeff3)","0",NA,NA,"",""
"base","CWEqn",6,"numberBox","DBH**Coeff3","0",NA,NA,"",""
"base","CWEqn",7,"numberBox","Coeff0","0",NA,NA,"",""
"base","CWEqn",8,"numberBox","Coeff1 * DBH","0",NA,NA,"",""
"base","CWEqn",9,"numberBox","Coeff2 * f(DBH,Coeff3)","0",NA,NA,"",""
"base","CWEqn",10,"numberBox","DBH**Coeff3","0",NA,NA,"",""
"base","CycleAt",1,"intNumberBox","Year to insert a cycle (if not present)","blank",NA,NA,"",""
"base","DataScrn",1,"numberBox","Lower diameter limit for trees to be included (greater than/equal)","0",NA,NA,"",""
"base","DataScrn",2,"numberBox","Upper diameter limit for trees to be included (less than)","999",NA,NA,"",""
"base","DataScrn",3,"speciesSelection","range applies","",NA,NA,"",""
"base","Debug",1,"intNumberBox","Cycle number for debug output:","blank 0 40",NA,NA,"",""
"base","Debug",2,"intNumberBox","Integer if debug required for specific subroutine.","1 blank",NA,NA,"",""
"base","Debug",3,"intNumberBox","Output data set reference number:","16 1 100",NA,NA,"",""
"base","Debug",4,"longTextEdit","List of FVS subroutines for which debug is desired:","main tregro",NA,NA,"",""
"base","Defect",1,"listButton","Volume type affected","Merchantable cubic and Board foot",NA,NA,"Merchantable cubic and Board foot|Merchantable cubic only|Board foot only","ls ne cs sn=ls ne cs sn"
"base","Defect",2,"speciesSelection","Species that will be affected by this keyword","",NA,NA,"",""
"base","Defect",3,"longListButton","Specify whether to use defect from the input tree record","Use defect specified on the input tree record",NA,NA,"Use defect specified on the input tree record|Ignore defect specified on the input tree record",""
"base","Defect",4,"sliderBox","Volume defect proportion for a 5-inch tree","0",0,1,"",""
"base","Defect",5,"sliderBox","Volume defect proportion for a 10-inch tree","0",0,1,"",""
"base","Defect",6,"sliderBox","Volume defect proportion for a 15-inch tree","0",0,1,"",""
"base","Defect",7,"sliderBox","Volume defect proportion for a 20-inch tree","0",0,1,"",""
"base","Defect",8,"sliderBox","Volume defect proportion for a 25-inch tree","0",0,1,"",""
"base","Defect",9,"sliderBox","Volume defect proportion for a 30-inch tree","0",0,1,"",""
"base","Defect",10,"sliderBox","Volume defect proportion for a 35-inch tree","0",0,1,"",""
"base","Defect",11,"sliderBox","Volume defect proportion for 40 inch and larger trees","0",0,1,"",""
"base","DelOTab",1,"longListButton","Output to be deleted","Delete the selected sample tree table.",NA,NA,"Delete the stand composition table.|Delete the selected sample tree table.|Delete the summary statistics table.|Delete the activity schedule table",""
"base","Design",1,"numberBox","Basal area factor (or inverse of plot size)","blank -999 999",NA,NA,"",""
"base","Design",2,"numberBox","Inverse of the small-tree fixed area plot.","blank",NA,NA,"",""
"base","Design",3,"numberBox","Enter the break point diameter in inches.","blank",NA,NA,"",""
"base","Design",4,"numberBox","Number of plots in the stand.","blank",NA,NA,"",""
"base","Design",5,"numberBox","Number of nonstockable plots in the stand.","blank",NA,NA,"",""
"base","Design",6,"numberBox","Sampling weight for the stand.","blank",NA,NA,"",""
"base","Design",7,"sliderBox","Proportion of the stand considered stockable","0",1,0,"",""
"base","DgStDev",1,"numberBox","Number of standard deviations defining the bounds of \
distribution","2 0 3",NA,NA,"",""
"base","Echo",1,"noInput","Echo keywords to the OPTIONS SELECTED BY INPUT TABLE","",NA,NA,"",""
"base","EchoSum",1,"numberBox","Data set reference number","4",NA,NA,"",""
"base","Fertiliz",1,"scheduleBox","","",NA,NA,"",""
"base","Fertiliz",2,"sliderBox","Proportion of model-predicted effects actually achievied","1",0,1,"",""
"base","FIAVBC",1,"longListButton","Default global merchantability specifications","0 = FIA merchantable specifications",NA,NA,"\|0 = FIA merchantable specifications|1 = Regional NFS merchantable specifications",""
"base","FIAVBC",2,"noInput","Cruise Type is no longer used","",NA,NA,"",""
"base","FIAVBC",3,"noInput","------------------ Custom Species Settings ------------------","",NA,NA,"",""
"base","FIAVBC",4,"speciesSelection","Species whose limits are to be changed","",NA,NA,"",""
"base","FIAVBC",5,"numberBox","Minimum DBH","blank",NA,NA,"",""
"base","FIAVBC",6,"numberBox","Minimum top diameter","blank",NA,NA,"",""
"base","FIAVBC",7,"numberBox","Stump height (feet)","blank",NA,NA,"",""
"base","FIAVBC",8,"numberBox","Cubic sawlog minimum DBH","blank",NA,NA,"",""
"base","FIAVBC",9,"numberBox","Cubic sawlog minimum top diameter","blank",NA,NA,"",""
"base","FIAVBC",10,"numberBox","Cubic sawlog stump height","blank",NA,NA,"",""
"base","FixCW",1,"scheduleBox","","",NA,NA,"",""
"base","FixCW",2,"speciesSelection","Species to which multiplier is applied","",NA,NA,"",""
"base","FixCW",3,"sliderBox","Multiplier value","1",0,999,"",""
"base","FixCW",4,"numberBox","Minimum DBH to which multiplier will be applied (greater than/equal)","0.0",NA,NA,"",""
"base","FixCW",5,"numberBox","Maximum DBH to which multiplier will be applied (less than)","999.0",NA,NA,"",""
"base","FixDG",1,"scheduleBox","","",NA,NA,"",""
"base","FixDG",2,"speciesSelection","Species to which multiplier is applied","",NA,NA,"",""
"base","FixDG",3,"sliderBox","Diameter growth multiplier value","1",0,999,"",""
"base","FixDG",4,"numberBox","Minimum DBH to which multiplier will be applied (greater than/equal)","0.0",NA,NA,"",""
"base","FixDG",5,"numberBox","Maximum DBH to which multiplier will be applied (less than)","999.0",NA,NA,"",""
"base","FixHtG",1,"scheduleBox","","",NA,NA,"",""
"base","FixHtG",2,"speciesSelection","Species to which multiplier is applied","",NA,NA,"",""
"base","FixHtG",3,"sliderBox","Height growth multiplier value","1",0,999,"",""
"base","FixHtG",4,"numberBox","Minimum DBH to which multiplier will be applied (greater than/equal)","0.0",NA,NA,"",""
"base","FixHtG",5,"numberBox","Maximum DBH to which multiplier will be applied (less than)","999.0",NA,NA,"",""
"base","FixMort",1,"scheduleBox","","",NA,NA,"",""
"base","FixMort",2,"speciesSelection","Species to which mortality is applied","",NA,NA,"",""
"base","FixMort",3,"sliderBox","Proportion of the tree record that will be killed","0",0,999,"",""
"base","FixMort",4,"numberBox","Smallest DBH to which mortality rate will be applied (greater than/equal)","0.0",NA,NA,"",""
"base","FixMort",5,"numberBox","Largest DBH to which mortality rate will be applied (less than)","999.0",NA,NA,"",""
"base","FixMort",6,"longListButton","","Defined proportion replaces mortality rate calculated in the model",NA,NA,"Defined proportion replaces mortality rate calculated in the model|Defined proportion is added to the mortality rate calculated in the model|The larger of the defined proportion and the calculated one is used|Multiply model calculated mortality by the proportion specified in field 3",""
"base","FixMort",7,"longListButton","","Distribute mortality uniformly across the stand",NA,NA,"Distribute mortality uniformly across the stand|Concentrate mortality on points within the stand|Concentrate mortality by size, smallest to largest|Concentrate mortality by point and size, smallest to largest|Concentrate mortality by size, largest to smallest|Concentrate mortality by point and size, largest to smallest",""
"base","FvsStand",1,"scheduleBox","","",NA,NA,"",""
"base","FvsStand",2,"longListButton","(Ignored unless output is scheduled only for cycle 1, or for all cycles.)","Print output for the inventory year and end of cycle 1",NA,NA,"Print output for the inventory year and end of cycle 1|Print output only for the end of cycle 1|Print output only for the inventory year",""
"base","Growth",1,"longListButton","Diameter growth measured","Measured directly as growth prior to current diameter measure",NA,NA,"Measured directly as growth prior to current diameter measure|Subtract ""growth"" diameter from current diameter|Measured directly as growth since current diameter measure|Subtract current diameter from ""growth"" diameter",""
"base","Growth",2,"numberBox","Length of diameter growth measurement period in years","",NA,NA,"","nc sn=nc sn"
"base","Growth",3,"longListButton","Height growth measured","Measured directly as growth prior to current height measure",NA,NA,"Measured directly as growth prior to current height measure|Subtract ""growth"" height from current height|Measured directly as growth since current height measure|Subtract current height from ""growth"" height",""
"base","Growth",4,"intNumberBox","Length of height growth measurement period in years","5",NA,NA,"",""
"base","Growth",5,"intNumberBox","Length of the mortality observation period","5",NA,NA,"",""
"base","HtgMult",1,"scheduleBox","","",NA,NA,"",""
"base","HtgMult",2,"speciesSelection","Species to which multiplier is applied","",NA,NA,"",""
"base","HtgMult",3,"sliderBox","Multiplier value","1",0,20,"",""
"base","HtgStop",1,"scheduleBox","","",NA,NA,"",""
"base","HtgStop",2,"speciesSelection","Species","",NA,NA,"",""
"base","HtgStop",3,"numberBox","Height of shortest tree affected (greater than/equal)","0",NA,NA,"",""
"base","HtgStop",4,"numberBox","Height of tallest tree affected (less than)","0",NA,NA,"",""
"base","HtgStop",5,"sliderBox","Probability of no height growth on a tree","0",0,1,"",""
"base","HtgStop",6,"sliderBox","Mean of the distribution of the proportion of height growth \
retained","1",0,4,"",""
"base","HtgStop",7,"sliderBox","Standard deviation of the distribution of height growth \
retained","0",0,4,"",""
"base","InvYear",1,"numberBox","Starting date for the stand projection (eg. 1991).","0",NA,NA,"",""
"base","Locate",1,"numberBox","Latitude in decimal degrees.","",NA,NA,"","ak=ak ;; bm=bm ;; ca=ca ;; ci=ci ;; cr sw sp=cr sw sp ;; bp=bp ;; sf lp=sf lp ;; cs=cs ;; ec=ec ;; em=em ;; kt=kt ;; ls=ls ;; nc=nc ;; ne=ne ;; ni ie=ni ie ;; pn=pn ;; sn=sn ;; so=so ;; tt=tt ;; ut=ut ;; wc=wc ;; ws=ws"
"base","Locate",2,"numberBox","Longitude in decimal degrees.","",NA,NA,"","ak=ak ;; bm=bm ;; ca=ca ;; ci=ci ;; cr sw sp bp sf lp=cr sw sp bp sf lp ;; cs=cs ;; ec=ec ;; em=em ;; kt=kt ;; ls=ls ;; nc=nc ;; ne=ne ;; ni ie=ni ie ;; pn=pn ;; sn=sn ;; so=so ;; tt=tt ;; ut=ut ;; wc=wc ;; ws=ws"
"base","Locate",3,"numberBox","State code.","blank",NA,NA,"",""
"base","Locate",4,"numberBox","County code.","blank",NA,NA,"",""
"base","Managed",1,"em","kt pn wc sn","",NA,NA,"",""
"base","Managed",2,"em","kt pn wc sn","flag is off
    >flag is on",NA,NA,"",""
"base","MCDefect",1,"scheduleBox","","",NA,NA,"",""
"base","MCDefect",2,"speciesSelection","Species that will be affected by this keyword","",NA,NA,"",""
"base","MCDefect",3,"sliderBox","Cubic foot volume defect proportion for a 5-inch tree","0",0,1,"",""
"base","MCDefect",4,"sliderBox","Cubic foot volume defect proportion for a 10-inch tree","0",0,1,"",""
"base","MCDefect",5,"sliderBox","Cubic foot volume defect proportion for a 15-inch tree","0",0,1,"",""
"base","MCDefect",6,"sliderBox","Cubic foot volume defect proportion for a 20-inch tree","0",0,1,"",""
"base","MCDefect",7,"sliderBox","Cubic foot volume defect proportion for a 25-inch tree and greater","0",0,1,"",""
"base","MCFDLN",1,"speciesSelection","Species for which the equation is to be changed.","",NA,NA,"",""
"base","MCFDLN",2,"numberBox","Intercept terms for log-linear equation","0",NA,NA,"",""
"base","MCFDLN",3,"numberBox","Slope coefficient for log-linear equation","1",NA,NA,"",""
"base","MgmtId",1,"textEdit","Specify an 4 character management id:","",NA,NA,"",""
"base","MinHarv",1,"scheduleBox","","",NA,NA,"",""
"base","MinHarv",2,"numberBox","Minimum acceptable harvest volume in square feet of basal\
 area per acre.","0",NA,NA,"",""
"base","MinHarv",3,"numberBox","Minimum acceptable harvest volume in total cubic-\
feet per acre.","0",NA,NA,"",""
"base","MinHarv",4,"numberBox","Minimum acceptable harvest volume in merchantable cubic-feet per acre.","0",NA,NA,"",""
"base","MinHarv",5,"numberBox","Minimum acceptable harvest volume in sawlog cubic-feet","0",NA,NA,"",""
"base","MinHarv",6,"numberBox","Minimum acceptable harvest volume in board feet per acre.","0",NA,NA,"",""
"base","ModType",1,"cr","","",NA,NA,"","cr sw sp bp sf lp=cr sw sp bp sf lp"
"base","ModType",2,"noInput","Field 2 is not used with your variant.","",NA,NA,"",""
"base","ModType",3,"longListButtonString","Forest type:","",NA,NA,"|101 = Jack pine|102 = Red pine|103 = Eastern white pine|104 = White pine-hemlock|105 = Eastern hemlock|121 = Balsam fir|122 = White spruce|123 = Red spruce|124 = Red spruce-balsam fir|125 = Black spruce|126 = Tamarack|127 = Northern white cedar|141 = Longleaf pine|142 = Slash pine|161 = Loblolly pine|162 = Shortleaf pine|163 = Virginia pine|164 = Sand pine|165 = Table-mountain pine|166 = Pond pine|167 = Pitch pine|168 = Spruce pine|181 = Eastern redcedar|182 = Rocky mountain juniper|183 = Western Juniper|184 = Juniper-woodland|185 = Pinyon-juniper woodland|201 = Douglas-fir|202 = Port orford cedar|221 = Ponderosa pine|222 = Incense cedar|223 = Jeffrey-Coulter-bigcone Douglas-fir|224 = Sugar pine|241 = Western white pine|261 = White fir|262 = Red fir|263 = Noble fir|264 = Pacific silver fir|265 = Engelmann spruce|266 = Engelmann spruce-subalpine fir|267 = Grand fir|268 = Subalpine fir|269 = Blue spruce|270 = Mountain hemlock|271 = Alaska yellow cedar|281 = Lodgepole pine|301 = Western hemlock|304 = Western redcedar|305 = Sitka spruce|321 = Western larch|341 = Redwood|342 = Giant sequoia|361 = Knobcone pine|362 = Southwest white pine|363 = Bishop pine|364 = Monterey pine|365 = Foxtail-bristlecone pine|366 = Limber pine|367 = Whitebark pine|368 = Misc. western softwoods|371 = California mixed conifer|381 = Scotch pine|383 = Other exotic softwoods|401 = White pine-red oak-white ash|402 = Eastern redcedar-hardwood|403 = Longleaf pine-oak|404 = Shortleaf pine-oak|405 = Virginia pine-southern red oak|406 = Loblolly pine-hardwood|407 = Slash pine-hardwood|409 = Other pine-hardwood|501 = Post-blackjack oak|502 = Chestnut oak|503 = White oak-red oak-hickory|504 = White oak|505 = Northern red oak|506 = Yellow poplar-white oak-red oak|507 = Sassafras-persimmon|508 = Sweetgum-yellow poplar|509 = Bur oak|510 = Scarlet oak|511 = Yellow poplar|512 = Black walnut|513 = Black locust|514 = Southern scrub oak|515 = Chestnut-black-scarlet oak|519 = Red maple-oak|520 = Mixed upland hardwoods|601 = Swamp chestnut-cherrybark oak|602 = Sweetgum-Nuttall-willow oak|605 = Overcup oak-water hickory|606 = Atlantic white-cedar|607 = Bald cypress-water tupelo|608 = Sweetbay-swamp tupelo-red maple|701 = Black ash-American elm-red maple|702 = River birch-sycamore|703 = Cottonwood|704 = Willow|705 = Sycamore-pecan-American elm|706 = Sugarberry-hackberry-elm-green ash|707 = Silver maple-American elm|708 = Red maple-lowland|709 = Cottonwood-willow|722 = Oregon ash|801 = Sugar maple-beech-yellow birch|802 = Black cherry|803 = Cherry-ash-yellow poplar|805 = Hard maple-basswood|807 = Elm-ash-locust|809 = Red maple-upland|901 = Aspen|902 = Paper birch|904 = Balsam poplar|911 = Red alder|912 = Bigleaf maple|921 = Gray pine|922 = California black oak|923 = Oregon white oak|924 = Blue oak|925 = Deciduous oak woodland|926 = Evergreen oak woodland|931 = Coast live oak|932 = Canyon-interior live oak|941 = Tan oak|942 = California laurel|943 = Giant chinkapin|951 = Pacific madrone|952 = Mesquite woodland|953 = Mountain brush woodland|954 = Intermountain maple woodland|955 = Misc. western hardwoods|981 = Sable palm|982 = Mangrove|991 = Paulownia|992 = Melaluca|993 = Eucalyptus|995 = Other exotic hardwoods|996 = FVS other softwoods|997 = FVS other hardwoods|998 = FVS other species|999 = Nonstocked|9101 = Jack pine|9102 = Red pine|9103 = Eastern white pine|9104 = White pine-hemlock|9105 = Eastern hemlock|9121 = Balsam fir|9122 = White spruce|9123 = Red spruce|9124 = Red spruce-balsam fir|9125 = Black spruce|9126 = Tamarack|9127 = Northern white cedar|9141 = Longleaf pine|9142 = Slash pine|9161 = Loblolly pine|9162 = Shortleaf pine|9163 = Virginia pine|9164 = Sand pine|9165 = Table-mountain pine|9166 = Pond pine|9167 = Pitch pine|9168 = Spruce pine|9181 = Eastern redcedar|9182 = Rocky mountain juniper|9183 = Western Juniper|9184 = Juniper-woodland|9185 = Pinyon-juniper woodland|9201 = Douglas-fir|9202 = Port orford cedar|9221 = Ponderosa pine|9222 = Incense cedar|9223 = Jeffry-Coulter-bigcone Douglas-fir|9224 = Sugar pine|9241 = Western white pine|9261 = White fir|9262 = Red fir|9263 = Noble fir|9264 = Pacific silver fir|9265 = Engelmann spruce|9266 = Engelmann spruce-subalpine fir|9267 = Grand fir|9268 = Subalpine fir|9269 = Blue spruce|9270 = Mountain hemlock|9271 = Alaska yellow cedar|9281 = Lodgepole pine|9301 = Western hemlock|9304 = Western redcedar|9305 = Sitka spruce|9321 = Western larch|9341 = Redwood|9342 = Giant sequoia|9361 = Knobcone pine|9362 = Southwest white pine|9363 = Bishop pine|9364 = Monterey pine|9365 = Foxtail-bristlecone pine|9366 = Limber pine|9367 = Whitebark pine|9368 = Misc. western softwoods|9371 = California mixed conifer|9381 = Scotch pine|9383 = Other exotic softwoods|9401 = White pine-red oak-white ash|9402 = Eastern redcedar-hardwood|9403 = Longleaf pine-oak|9404 = Shortleaf pine-oak|9405 = Virginia pine-southern red oak|9406 = Loblolly pine-hardwood|9407 = Slash pine-hardwood|9409 = Other pine-hardwood|9501 = Post-blackjack oak|9502 = Chestnut oak|9503 = White oak-red oak-hickory|9504 = White oak|9505 = Northern red oak|9506 = Yellow poplar-white oak-red oak|9507 = Sassafras-persimmon|9508 = Sweetgum-yellow poplar|9509 = Bur oak|9510 = Scarlet oak|9511 = Yellow poplar|9512 = Black walnut|9513 = Black locust|9514 = Southern scrub oak|9515 = Chestnut-black-scarlet oak|9519 = Red maple-oak|9520 = Mixed upland hardwoods|9601 = Swamp chestnut-cherrybark oak|9602 = Sweetgum-Nuttall-willow oak|9605 = Overcup oak-water hickory|9606 = Atlantic white-cedar|9607 = Bald cypress-water tupelo|9608 = Sweetbay-swamp tupelo-red maple|9701 = Black ash-American elm-red maple|9702 = River birch-sycamore|9703 = Cottonwood|9704 = Willow|9705 = Sycamore-pecan-American elm|9706 = Sugarberry-hackberry-elm-green ash|9707 = Silver maple-American elm|9708 = Red maple-lowland|9709 = Cottonwood-willow|9722 = Oregon ash|9801 = Sugar maple-beech-yellow birch|9802 = Black cherry|9803 = Cherry-ash-yellow poplar|9805 = Hard maple-basswood|9807 = Elm-ash-locust|9809 = Red maple-upland|9901 = Aspen|9902 = Paper birch|9904 = Balsam poplar|9911 = Red alder|9912 = Bigleaf maple|9921 = Gray pine|9922 = California black oak|9923 = Oregon white oak|9924 = Blue oak|9925 = Deciduous oak woodland|9926 = Evergreen oak woodland|9931 = Coast live oak|9932 = Canyon-interior live oak|9941 = Tan oak|9942 = California laurel|9943 = Giant chinkapin|9951 = Pacific madrone|9952 = Mesquite woodland|9953 = Mountain brush woodland|9954 = Intermountain maple woodland|9955 = Misc. western hardwoods|9981 = Sable palm|9982 = Mangrove|9991 = Paulownia|9992 = Melaluca|9993 = Eucalyptus|9995 = Other exotic hardwoods|9996 = FVS other softwoods|9997 = FVS other hardwoods|9998 = FVS other species|9999 = Nonstocked",""
"base","MortMSB",1,"numberBox","QMD at which the Mature Stand Boundary will be invoked","999",NA,NA,"",""
"base","MortMSB",2,"numberBox","Slope of the alternate mortality line","-1.605 -10.0 -1.605",NA,NA,"",""
"base","MortMSB",3,"sliderBox","Proportion of the tree record that will be killed","0.9",0,1,"",""
"base","MortMSB",4,"numberBox","Minimum dbh to which the increased mortality will be applied (GE)","0",NA,NA,"",""
"base","MortMSB",5,"numberBox","Maximum dbh to which the increased mortality will be applied (LT)","999",NA,NA,"",""
"base","MortMSB",6,"longListButton","","Start with the largest diameter tree and continues downward",NA,NA,"Start with the largest diameter tree and continues downward|Start with the smallest diameter tree and work upward|Apply mortality in an equal proportion to all tree records",""
"base","MortMult",1,"scheduleBox","","1",NA,NA,"",""
"base","MortMult",2,"speciesSelection","Species to which multiplier is applied.","",NA,NA,"",""
"base","MortMult",3,"sliderBox","Multiplier value for mortality","1",0,10,"",""
"base","MortMult",4,"numberBox","Smallest DBH to which multiplier is applied (greater than/equal)","0",NA,NA,"",""
"base","MortMult",5,"numberBox","Largest DBH to which multiplier is applied (less than)","999",NA,NA,"",""
"base","NoAutoES",1,"noInput","Suppress all natural regeneration and ingrowth features","",NA,NA,"",""
"base","NoCalib",1,"speciesSelection","Species","",NA,NA,"",""
"base","NoEcho",1,"noInput","Suppresses keyword echo to the OPTIONS SELECTED BY INPUT TABLE","",NA,NA,"",""
"base","NoHtDReg",1,"speciesSelection","Species","1",NA,NA,"",""
"base","NoHtDReg",2,"longListButton","Toggle to turn calibration on or off.","Turn ON calibration of height-dbh function",NA,NA,"Turn OFF calibration of height-dbh function|Turn ON calibration of height-dbh function","so ec wc pn bm=so ec wc pn bm"
"base","NoScreen",1,"noInput","Output not printed to screen.","",NA,NA,"",""
"base","NoTrees",1,"noInput","No projectable tree records are required as input","",NA,NA,"",""
"base","NoTriple",1,"noInput","Record tripling is turned off","",NA,NA,"",""
"base","NumCycle",1,"numberBox","Number of cycles to be projected.","1 1 40",NA,NA,"",""
"base","NumTrip",1,"numberBox","Number of triples","2",NA,NA,"",""
"base","Open",1,"numberBox","File reference number for the input or output file.","50",NA,NA,"",""
"base","Open",2,"","","Blanks are to be treated as zeroes
     Blanks are to be treated as null characters",NA,NA,"",""
"base","Open",3,"listButton","File status code","Unknown",NA,NA,"Unknown|New|Old",""
"base","Open",4,"numberBox","Maximum number of characters per record","80",NA,NA,"",""
"base","Open",5,"listButton","File format switch","Formatted",NA,NA,"Formatted|Unformatted",""
"base","Open",6,"longTextEdit","File name (System does not insure this file exists):","",NA,NA,"",""
"base","PointGrp",1,"textEdit","Specify a 3-10 character Point Group","",NA,NA,"",""
"base","PointGrp",2,"numberBox","Point Number","blank",NA,NA,"",""
"base","PointGrp",3,"numberBox","Point Number","blank",NA,NA,"",""
"base","PointGrp",4,"numberBox","Point Number","blank",NA,NA,"",""
"base","PointGrp",5,"numberBox","Point Number","blank",NA,NA,"",""
"base","PointGrp",6,"numberBox","Point Number","blank",NA,NA,"",""
"base","PointGrp",7,"numberBox","Point Number","blank",NA,NA,"",""
"base","PointGrp",8,"numberBox","Point Number","blank",NA,NA,"",""
"base","PointGrp",9,"numberBox","Point Number","blank",NA,NA,"",""
"base","PointGrp",10,"numberBox","Point Number","blank",NA,NA,"",""
"base","PointGrp",11,"numberBox","Point Number","blank",NA,NA,"",""
"base","PointGrp",12,"numberBox","Point Number","blank",NA,NA,"",""
"base","PointGrp",13,"numberBox","Point Number","blank",NA,NA,"",""
"base","PointGrp",14,"numberBox","Point Number","blank",NA,NA,"",""
"base","PointGrp",15,"numberBox","Point Number","blank",NA,NA,"",""
"base","PointGrp",16,"numberBox","Point Number","blank",NA,NA,"",""
"base","PointGrp",17,"numberBox","Point Number","blank",NA,NA,"",""
"base","PointGrp",18,"numberBox","Point Number","blank",NA,NA,"",""
"base","PointGrp",19,"numberBox","Point Number","blank",NA,NA,"",""
"base","PointGrp",20,"numberBox","Point Number","blank",NA,NA,"",""
"base","PointGrp",21,"numberBox","Point Number","blank",NA,NA,"",""
"base","PointGrp",22,"numberBox","Point Number","blank",NA,NA,"",""
"base","PointGrp",23,"numberBox","Point Number","blank",NA,NA,"",""
"base","PointGrp",24,"numberBox","Point Number","blank",NA,NA,"",""
"base","PointGrp",25,"numberBox","Point Number","blank",NA,NA,"",""
"base","PointGrp",26,"numberBox","Point Number","blank",NA,NA,"",""
"base","PointGrp",27,"numberBox","Point Number","blank",NA,NA,"",""
"base","PointGrp",28,"numberBox","Point Number","blank",NA,NA,"",""
"base","PointGrp",29,"numberBox","Point Number","blank",NA,NA,"",""
"base","PointGrp",30,"numberBox","Point Number","blank",NA,NA,"",""
"base","PointGrp",31,"numberBox","Point Number","blank",NA,NA,"",""
"base","PointGrp",32,"numberBox","Point Number","blank",NA,NA,"",""
"base","PointGrp",33,"numberBox","Point Number","blank",NA,NA,"",""
"base","PointGrp",34,"numberBox","Point Number","blank",NA,NA,"",""
"base","PointGrp",35,"numberBox","Point Number","blank",NA,NA,"",""
"base","PointGrp",36,"numberBox","Point Number","blank",NA,NA,"",""
"base","PointGrp",37,"numberBox","Point Number","blank",NA,NA,"",""
"base","PointGrp",38,"numberBox","Point Number","blank",NA,NA,"",""
"base","PointGrp",39,"numberBox","Point Number","blank",NA,NA,"",""
"base","PointGrp",40,"numberBox","Point Number","blank",NA,NA,"",""
"base","PointGrp",41,"numberBox","Point Number","blank",NA,NA,"",""
"base","PointGrp",42,"numberBox","Point Number","blank",NA,NA,"",""
"base","PointGrp",43,"numberBox","Point Number","blank",NA,NA,"",""
"base","PointGrp",44,"numberBox","Point Number","blank",NA,NA,"",""
"base","PointGrp",45,"numberBox","Point Number","blank",NA,NA,"",""
"base","PointGrp",46,"numberBox","Point Number","blank",NA,NA,"",""
"base","PointGrp",47,"numberBox","Point Number","blank",NA,NA,"",""
"base","PointGrp",48,"numberBox","Point Number","blank",NA,NA,"",""
"base","PointGrp",49,"numberBox","Point Number","blank",NA,NA,"",""
"base","PointGrp",50,"numberBox","Point Number","blank",NA,NA,"",""
"base","PointGrp",51,"numberBox","Point Number","blank",NA,NA,"",""
"base","PointRef",1,"longListButton","Point reference Code","\",NA,NA,"\|1 = point numbers will be as entered in the input data|2 = Point numbers will be the FVS sequential point numbers",""
"base","PrmFrost",1,"scheduleBox","","",NA,NA,"",""
"base","PrmFrost",2,"ak","","",NA,NA,"","ak=ak"
"base","Prune",1,"scheduleBox","","",NA,NA,"",""
"base","Prune",2,"longListButton","Method of pruning","2 = Prune to height; cut no more than specified proportion of crown",NA,NA,"\|1 = Prune to height; no regard to proportion of crown to be left|2 = Prune to height; cut no more than specified proportion of crown|3 = Prune to height; if specified proportion of crown not left, do not prune|4 = Remove specified proportion of the live crown|5 = Remove length; no regard to proportion of crown to be left|6 = Remove length; cut no more than specified proportion of crown|7 = Remove length; if specified proportion of crown not left, do not prune",""
"base","Prune",3,"numberBox","Height or length","0",NA,NA,"",""
"base","Prune",4,"sliderBox","Maximum proportion","0.5",0,1,"",""
"base","Prune",5,"speciesSelection","Species to be pruned","",NA,NA,"",""
"base","Prune",6,"numberBox","Smallest DBH to be considered for pruning (greater than/equal)","0",NA,NA,"",""
"base","Prune",7,"numberBox","Largest DBH to be considered for pruning (less than)","99",NA,NA,"",""
"base","RANNSeed",1,"intNumberBox","Replacement value","55329",NA,NA,"",""
"base","ReadCorD",1,"numberBox","Multiplier for species 1","1.0",NA,NA,"",""
"base","ReadCorD",2,"numberBox","Multiplier for species 2","1.0",NA,NA,"",""
"base","ReadCorD",3,"numberBox","Multiplier for species 3","1.0",NA,NA,"",""
"base","ReadCorD",4,"numberBox","Multiplier for species 4","1.0",NA,NA,"",""
"base","ReadCorD",5,"numberBox","Multiplier for species 5","1.0",NA,NA,"",""
"base","ReadCorD",6,"numberBox","Multiplier for species 6","1.0",NA,NA,"",""
"base","ReadCorD",7,"numberBox","Multiplier for species 7","1.0",NA,NA,"",""
"base","ReadCorD",8,"numberBox","Multiplier for species 8","1.0",NA,NA,"",""
"base","ReadCorD",9,"numberBox","Multiplier for species 9","1.0",NA,NA,"",""
"base","ReadCorD",10,"numberBox","Multiplier for species 10","1.0",NA,NA,"",""
"base","ReadCorD",11,"numberBox","Multiplier for species 11","1.0",NA,NA,"",""
"base","ReadCorD",12,"ak","bm ne nc ls cs wc pn op ws sn ca oc ie ci em so ec tt ut cr sw sp bp sf lp","1.0",NA,NA,"",""
"base","ReadCorD",13,"ak","bm ne ls cs wc pn op ws sn ca oc ie ci em so ec tt ut cr sw sp bp sf lp","1.0",NA,NA,"",""
"base","ReadCorD",14,"ak","bm ne ls cs wc pn op ws sn ca oc ie em ci so ec tt ut cr sw sp bp sf lp","1.0",NA,NA,"",""
"base","ReadCorD",15,"ak","bm ne ls cs wc pn op ws ws sn ca oc ie em ci so ec tt ut cr sw sp bp sf lp","1.0",NA,NA,"",""
"base","ReadCorD",16,"ak","bm ne ls cs wc pn op ws sn ca oc ie em ci so ec tt ut cr sw sp bp sf lp","1.0",NA,NA,"",""
"base","ReadCorD",17,"ak","bm ne ls cs wc pn op ws sn ca oc ie em ci so ec tt ut cr sw sp bp sf lp","1.0",NA,NA,"",""
"base","ReadCorD",18,"ak","bm ne ls cs wc pn op ws sn ca oc ie em ci so ec tt ut cr sw sp bp sf lp","1.0",NA,NA,"",""
"base","ReadCorD",19,"ak","ne ls cs wc pn op ws sn ca oc ie em ci so ec ut cr sw sp bp sf lp","1.0",NA,NA,"",""
"base","ReadCorD",20,"ak","ne ls cs wc pn op ws sn ca oc ie so ec ut cr sw sp bp sf lp","1.0",NA,NA,"",""
"base","ReadCorD",21,"ak","ne ls cs wc pn op ws sn ca oc ie so ec ut cr sw sp bp sf lp","1.0",NA,NA,"",""
"base","ReadCorD",22,"ak","ne ls cs wc pn op ws sn ca oc ie so ec ut cr sw sp bp sf lp","1.0",NA,NA,"",""
"base","ReadCorD",23,"ak","ne ls cs wc pn op ws sn ca oc ie so ec ut cr sw sp bp sf lp","1.0",NA,NA,"",""
"base","ReadCorD",24,"ne","ls cs wc pn op ws sn ca oc so ec ut cr sw sp bp sf lp","1.0",NA,NA,"",""
"base","ReadCorD",25,"ne","ls cs wc pn op ws sn ca oc so ec cr sw sp bp sf lp","1.0",NA,NA,"",""
"base","ReadCorD",26,"ne","ls cs wc pn op ws sn ca oc so ec cr sw sp bp sf lp","1.0",NA,NA,"",""
"base","ReadCorD",27,"ne","ls cs wc pn op ws sn ca oc so ec cr sw sp bp sf lp","1.0",NA,NA,"",""
"base","ReadCorD",28,"ne","ls cs wc pn op ws sn ca oc so ec cr sw sp bp sf lp","1.0",NA,NA,"",""
"base","ReadCorD",29,"ne","ls cs wc pn op ws sn ca oc so ec cr sw sp bp sf lp","1.0",NA,NA,"",""
"base","ReadCorD",30,"ne","ls cs wc pn op ws sn ca oc so ec cr sw sp bp sf lp","1.0",NA,NA,"",""
"base","ReadCorD",31,"ne","ls cs wc pn op ws sn ca oc so ec cr sw sp bp sf lp","1.0",NA,NA,"",""
"base","ReadCorD",32,"ne","ls cs wc pn op ws sn ca oc so ec cr sw sp bp sf lp","1.0",NA,NA,"",""
"base","ReadCorD",33,"ne","ls cs wc pn op ws sn ca oc so cr sw sp bp sf lp","1.0",NA,NA,"",""
"base","ReadCorD",34,"ne","ls cs wc pn op ws sn ca oc cr sw sp bp sf lp","1.0",NA,NA,"",""
"base","ReadCorD",35,"ne","ls cs wc pn op ws sn ca oc cr sw sp bp sf lp","1.0",NA,NA,"",""
"base","ReadCorD",36,"ne","ls cs wc pn op ws sn ca oc cr sw sp bp sf lp","1.0",NA,NA,"",""
"base","ReadCorD",37,"ne","ls cs wc pn op ws sn ca oc cr sw sp bp sf lp","1.0",NA,NA,"",""
"base","ReadCorD",38,"ne","ls cs wc pn op ws sn ca oc cr sw sp bp sf lp","1.0",NA,NA,"",""
"base","ReadCorD",39,"ne","ls cs wc pn op ws sn ca oc","1.0",NA,NA,"",""
"base","ReadCorD",40,"ne","ls cs sn ca oc ws","1.0",NA,NA,"",""
"base","ReadCorD",41,"ne","ls cs sn ca oc ws","1.0",NA,NA,"",""
"base","ReadCorD",42,"ne","ls cs sn ca oc ws","1.0",NA,NA,"",""
"base","ReadCorD",43,"ne","ls cs sn ca oc ws","1.0",NA,NA,"",""
"base","ReadCorD",44,"ne","ls cs sn ca oc","1.0",NA,NA,"",""
"base","ReadCorD",45,"ne","ls cs sn ca oc","1.0",NA,NA,"",""
"base","ReadCorD",46,"ne","ls cs sn ca oc","1.0",NA,NA,"",""
"base","ReadCorD",47,"ne","ls cs sn ca oc","1.0",NA,NA,"",""
"base","ReadCorD",48,"ne","ls cs sn ca oc","1.0",NA,NA,"",""
"base","ReadCorD",49,"ne","ls cs sn ca oc","1.0",NA,NA,"",""
"base","ReadCorD",50,"ne","ls cs sn ca oc","1.0",NA,NA,"",""
"base","ReadCorD",51,"ne","ls cs sn","1.0",NA,NA,"",""
"base","ReadCorD",52,"ne","ls cs sn","1.0",NA,NA,"",""
"base","ReadCorD",53,"ne","ls cs sn","1.0",NA,NA,"",""
"base","ReadCorD",54,"ne","ls cs sn","1.0",NA,NA,"",""
"base","ReadCorD",55,"ne","ls cs sn","1.0",NA,NA,"",""
"base","ReadCorD",56,"ne","ls cs sn","1.0",NA,NA,"",""
"base","ReadCorD",57,"ne","ls cs sn","1.0",NA,NA,"",""
"base","ReadCorD",58,"ne","ls cs sn","1.0",NA,NA,"",""
"base","ReadCorD",59,"ne","ls cs sn","1.0",NA,NA,"",""
"base","ReadCorD",60,"ne","ls cs sn","1.0",NA,NA,"",""
"base","ReadCorD",61,"ne","ls cs sn","1.0",NA,NA,"",""
"base","ReadCorD",62,"ne","ls cs sn","1.0",NA,NA,"",""
"base","ReadCorD",63,"ne","ls cs sn","1.0",NA,NA,"",""
"base","ReadCorD",64,"ne","ls cs sn","1.0",NA,NA,"",""
"base","ReadCorD",65,"ne","ls cs sn","1.0",NA,NA,"",""
"base","ReadCorD",66,"ne","ls cs sn","1.0",NA,NA,"",""
"base","ReadCorD",67,"ne","ls cs sn","1.0",NA,NA,"",""
"base","ReadCorD",68,"ne","ls cs sn","1.0",NA,NA,"",""
"base","ReadCorD",69,"ne","cs sn","1.0",NA,NA,"",""
"base","ReadCorD",70,"ne","cs sn","1.0",NA,NA,"",""
"base","ReadCorD",71,"ne","cs sn","1.0",NA,NA,"",""
"base","ReadCorD",72,"ne","cs sn","1.0",NA,NA,"",""
"base","ReadCorD",73,"ne","cs sn","1.0",NA,NA,"",""
"base","ReadCorD",74,"ne","cs sn","1.0",NA,NA,"",""
"base","ReadCorD",75,"ne","cs sn","1.0",NA,NA,"",""
"base","ReadCorD",76,"ne","cs sn","1.0",NA,NA,"",""
"base","ReadCorD",77,"ne","cs sn","1.0",NA,NA,"",""
"base","ReadCorD",78,"ne","cs sn","1.0",NA,NA,"",""
"base","ReadCorD",79,"ne","cs sn","1.0",NA,NA,"",""
"base","ReadCorD",80,"ne","cs sn","1.0",NA,NA,"",""
"base","ReadCorD",81,"ne","cs sn","1.0",NA,NA,"",""
"base","ReadCorD",82,"ne","cs sn","1.0",NA,NA,"",""
"base","ReadCorD",83,"ne","cs sn","1.0",NA,NA,"",""
"base","ReadCorD",84,"ne","cs sn","1.0",NA,NA,"",""
"base","ReadCorD",85,"ne","cs sn","1.0",NA,NA,"",""
"base","ReadCorD",86,"ne","cs sn","1.0",NA,NA,"",""
"base","ReadCorD",87,"ne","cs sn","1.0",NA,NA,"",""
"base","ReadCorD",88,"ne","cs sn","1.0",NA,NA,"",""
"base","ReadCorD",89,"ne","cs sn","1.0",NA,NA,"",""
"base","ReadCorD",90,"ne","cs sn","1.0",NA,NA,"",""
"base","ReadCorD",91,"ne","cs","1.0",NA,NA,"",""
"base","ReadCorD",92,"ne","cs","1.0",NA,NA,"",""
"base","ReadCorD",93,"ne","cs","1.0",NA,NA,"",""
"base","ReadCorD",94,"ne","cs","1.0",NA,NA,"",""
"base","ReadCorD",95,"ne","cs","1.0",NA,NA,"",""
"base","ReadCorD",96,"ne","cs","1.0",NA,NA,"",""
"base","ReadCorD",97,"ne","","1.0",NA,NA,"",""
"base","ReadCorD",98,"ne","","1.0",NA,NA,"",""
"base","ReadCorD",99,"ne","","1.0",NA,NA,"",""
"base","ReadCorD",100,"ne","","1.0",NA,NA,"",""
"base","ReadCorD",101,"ne","","1.0",NA,NA,"",""
"base","ReadCorD",102,"ne","","1.0",NA,NA,"",""
"base","ReadCorD",103,"ne","","1.0",NA,NA,"",""
"base","ReadCorD",104,"ne","","1.0",NA,NA,"",""
"base","ReadCorD",105,"ne","","1.0",NA,NA,"",""
"base","ReadCorD",106,"ne","","1.0",NA,NA,"",""
"base","ReadCorD",107,"ne","","1.0",NA,NA,"",""
"base","ReadCorD",108,"ne","","1.0",NA,NA,"",""
"base","ReadCorH",1,"numberBox","Multiplier for species 1","1.0",NA,NA,"",""
"base","ReadCorH",2,"numberBox","Multiplier for species 2","1.0",NA,NA,"",""
"base","ReadCorH",3,"numberBox","Multiplier for species 3","1.0",NA,NA,"",""
"base","ReadCorH",4,"numberBox","Multiplier for species 4","1.0",NA,NA,"",""
"base","ReadCorH",5,"numberBox","Multiplier for species 5","1.0",NA,NA,"",""
"base","ReadCorH",6,"numberBox","Multiplier for species 6","1.0",NA,NA,"",""
"base","ReadCorH",7,"numberBox","Multiplier for species 7","1.0",NA,NA,"",""
"base","ReadCorH",8,"numberBox","Multiplier for species 8","1.0",NA,NA,"",""
"base","ReadCorH",9,"numberBox","Multiplier for species 9","1.0",NA,NA,"",""
"base","ReadCorH",10,"numberBox","Multiplier for species 10","1.0",NA,NA,"",""
"base","ReadCorH",11,"numberBox","Multiplier for species 11","1.0",NA,NA,"",""
"base","ReadCorH",12,"ak","bm ne nc ls cs wc pn op sn ca oc ws ie em ci  so ec tt ut cr sw sp bp sf lp","1.0",NA,NA,"",""
"base","ReadCorH",13,"ak","bm ne ls cs wc pn op sn ca oc ws ie em ci  so ec tt ut cr sw sp bp sf lp","1.0",NA,NA,"",""
"base","ReadCorH",14,"ak","bm ne ls cs wc pn op sn ca oc ws ie em ci  so ec tt ut cr sw sp bp sf lp","1.0",NA,NA,"",""
"base","ReadCorH",15,"ak","bm ne ls cs wc pn op sn ca oc ws ie em ci  so ec tt ut cr sw sp bp sf lp","1.0",NA,NA,"",""
"base","ReadCorH",16,"ak","bm ne ls cs wc pn op sn ca oc ws ie em ci  so ec tt ut cr sw sp bp sf lp","1.0",NA,NA,"",""
"base","ReadCorH",17,"ak","bm ne ls cs wc pn op sn ca oc ws ie em ci  so ec tt ut cr sw sp bp sf lp","1.0",NA,NA,"",""
"base","ReadCorH",18,"ak","bm ne ls cs wc pn op sn ca oc ws ie em ci  so ec tt ut cr sw sp bp sf lp","1.0",NA,NA,"",""
"base","ReadCorH",19,"ak","ne ls cs wc pn op sn ca oc ws ie em ci  so ec ut cr sw sp bp sf lp","1.0",NA,NA,"",""
"base","ReadCorH",20,"ak","ne ls cs wc pn op sn ca oc ws ie  so ec ut cr sw sp bp sf lp","1.0",NA,NA,"",""
"base","ReadCorH",21,"ak","ne ls cs wc pn op sn ca oc ws ie  so ec ut cr sw sp bp sf lp","1.0",NA,NA,"",""
"base","ReadCorH",22,"ak","ne ls cs wc pn op sn ca oc ws ie  so ec ut cr sw sp bp sf lp","1.0",NA,NA,"",""
"base","ReadCorH",23,"ak","ne ls cs wc pn op sn ca oc ws ie  so ec ut cr sw sp bp sf lp","1.0",NA,NA,"",""
"base","ReadCorH",24,"ne","ls cs wc pn op sn ca oc ws so ec ut cr sw sp bp sf lp","1.0",NA,NA,"",""
"base","ReadCorH",25,"ne","ls cs wc pn op so ec sn ca oc ws cr sw sp bp sf lp","1.0",NA,NA,"",""
"base","ReadCorH",26,"ne","ls cs wc pn op so ec sn ca oc ws cr sw sp bp sf lp","1.0",NA,NA,"",""
"base","ReadCorH",27,"ne","ls cs wc pn op so ec sn ca oc ws cr sw sp bp sf lp","1.0",NA,NA,"",""
"base","ReadCorH",28,"ne","ls cs wc pn op so ec sn ca oc ws cr sw sp bp sf lp","1.0",NA,NA,"",""
"base","ReadCorH",29,"ne","ls cs wc pn op so ec sn ca oc ws cr sw sp bp sf lp","1.0",NA,NA,"",""
"base","ReadCorH",30,"ne","ls cs wc pn op so ec sn ca oc ws cr sw sp bp sf lp","1.0",NA,NA,"",""
"base","ReadCorH",31,"ne","ls cs wc pn op so ec sn ca oc ws cr sw sp bp sf lp","1.0",NA,NA,"",""
"base","ReadCorH",32,"ne","ls cs wc pn op so ec sn ca oc ws cr sw sp bp sf lp","1.0",NA,NA,"",""
"base","ReadCorH",33,"ne","ls cs wc pn op so sn ca oc ws cr sw sp bp sf lp","1.0",NA,NA,"",""
"base","ReadCorH",34,"ne","ls cs wc pn op sn ca oc ws cr sw sp bp sf lp","1.0",NA,NA,"",""
"base","ReadCorH",35,"ne","ls cs wc pn op sn ca oc ws cr sw sp bp sf lp","1.0",NA,NA,"",""
"base","ReadCorH",36,"ne","ls cs wc pn op sn ca oc ws cr sw sp bp sf lp","1.0",NA,NA,"",""
"base","ReadCorH",37,"ne","ls cs wc pn op sn ca oc ws cr sw sp bp sf lp","1.0",NA,NA,"",""
"base","ReadCorH",38,"ne","ls cs wc pn op sn ca oc ws cr sw sp bp sf lp","1.0",NA,NA,"",""
"base","ReadCorH",39,"ne","ls cs wc pn op sn ca oc ws","1.0",NA,NA,"",""
"base","ReadCorH",40,"ne","ls cs sn ca oc ws","1.0",NA,NA,"",""
"base","ReadCorH",41,"ne","ls cs sn ca oc ws","1.0",NA,NA,"",""
"base","ReadCorH",42,"ne","ls cs sn ca oc ws","1.0",NA,NA,"",""
"base","ReadCorH",43,"ne","ls cs sn ca oc ws","1.0",NA,NA,"",""
"base","ReadCorH",44,"ne","ls cs sn ca oc","1.0",NA,NA,"",""
"base","ReadCorH",45,"ne","ls cs sn ca oc","1.0",NA,NA,"",""
"base","ReadCorH",46,"ne","ls cs sn ca oc","1.0",NA,NA,"",""
"base","ReadCorH",47,"ne","ls cs sn ca oc","1.0",NA,NA,"",""
"base","ReadCorH",48,"ne","ls cs sn ca oc","1.0",NA,NA,"",""
"base","ReadCorH",49,"ne","ls cs sn ca oc","1.0",NA,NA,"",""
"base","ReadCorH",50,"ne","ls cs sn ca oc","1.0",NA,NA,"",""
"base","ReadCorH",51,"ne","ls cs sn","1.0",NA,NA,"",""
"base","ReadCorH",52,"ne","ls cs sn","1.0",NA,NA,"",""
"base","ReadCorH",53,"ne","ls cs sn","1.0",NA,NA,"",""
"base","ReadCorH",54,"ne","ls cs sn","1.0",NA,NA,"",""
"base","ReadCorH",55,"ne","ls cs sn","1.0",NA,NA,"",""
"base","ReadCorH",56,"ne","ls cs sn","1.0",NA,NA,"",""
"base","ReadCorH",57,"ne","ls cs sn","1.0",NA,NA,"",""
"base","ReadCorH",58,"ne","ls cs sn","1.0",NA,NA,"",""
"base","ReadCorH",59,"ne","ls cs sn","1.0",NA,NA,"",""
"base","ReadCorH",60,"ne","ls cs sn","1.0",NA,NA,"",""
"base","ReadCorH",61,"ne","ls cs sn","1.0",NA,NA,"",""
"base","ReadCorH",62,"ne","ls cs sn","1.0",NA,NA,"",""
"base","ReadCorH",63,"ne","ls cs sn","1.0",NA,NA,"",""
"base","ReadCorH",64,"ne","ls cs sn","1.0",NA,NA,"",""
"base","ReadCorH",65,"ne","ls cs sn","1.0",NA,NA,"",""
"base","ReadCorH",66,"ne","ls cs sn","1.0",NA,NA,"",""
"base","ReadCorH",67,"ne","ls cs sn","1.0",NA,NA,"",""
"base","ReadCorH",68,"ne","ls cs sn","1.0",NA,NA,"",""
"base","ReadCorH",69,"ne","cs sn","1.0",NA,NA,"",""
"base","ReadCorH",70,"ne","cs sn","1.0",NA,NA,"",""
"base","ReadCorH",71,"ne","cs sn","1.0",NA,NA,"",""
"base","ReadCorH",72,"ne","cs sn","1.0",NA,NA,"",""
"base","ReadCorH",73,"ne","cs sn","1.0",NA,NA,"",""
"base","ReadCorH",74,"ne","cs sn","1.0",NA,NA,"",""
"base","ReadCorH",75,"ne","cs sn","1.0",NA,NA,"",""
"base","ReadCorH",76,"ne","cs sn","1.0",NA,NA,"",""
"base","ReadCorH",77,"ne","cs sn","1.0",NA,NA,"",""
"base","ReadCorH",78,"ne","cs sn","1.0",NA,NA,"",""
"base","ReadCorH",79,"ne","cs sn","1.0",NA,NA,"",""
"base","ReadCorH",80,"ne","cs sn","1.0",NA,NA,"",""
"base","ReadCorH",81,"ne","cs sn","1.0",NA,NA,"",""
"base","ReadCorH",82,"ne","cs sn","1.0",NA,NA,"",""
"base","ReadCorH",83,"ne","cs sn","1.0",NA,NA,"",""
"base","ReadCorH",84,"ne","cs sn","1.0",NA,NA,"",""
"base","ReadCorH",85,"ne","cs sn","1.0",NA,NA,"",""
"base","ReadCorH",86,"ne","cs sn","1.0",NA,NA,"",""
"base","ReadCorH",87,"ne","cs sn","1.0",NA,NA,"",""
"base","ReadCorH",88,"ne","cs sn","1.0",NA,NA,"",""
"base","ReadCorH",89,"ne","cs sn","1.0",NA,NA,"",""
"base","ReadCorH",90,"ne","cs sn","1.0",NA,NA,"",""
"base","ReadCorH",91,"ne","cs","1.0",NA,NA,"",""
"base","ReadCorH",92,"ne","cs","1.0",NA,NA,"",""
"base","ReadCorH",93,"ne","cs","1.0",NA,NA,"",""
"base","ReadCorH",94,"ne","cs","1.0",NA,NA,"",""
"base","ReadCorH",95,"ne","cs","1.0",NA,NA,"",""
"base","ReadCorH",96,"ne","cs","1.0",NA,NA,"",""
"base","ReadCorH",97,"ne","","1.0",NA,NA,"",""
"base","ReadCorH",98,"ne","","1.0",NA,NA,"",""
"base","ReadCorH",99,"ne","","1.0",NA,NA,"",""
"base","ReadCorH",100,"ne","","1.0",NA,NA,"",""
"base","ReadCorH",101,"ne","","1.0",NA,NA,"",""
"base","ReadCorH",102,"ne","","1.0",NA,NA,"",""
"base","ReadCorH",103,"ne","","1.0",NA,NA,"",""
"base","ReadCorH",104,"ne","","1.0",NA,NA,"",""
"base","ReadCorH",105,"ne","","1.0",NA,NA,"",""
"base","ReadCorH",106,"ne","","1.0",NA,NA,"",""
"base","ReadCorH",107,"ne","","1.0",NA,NA,"",""
"base","ReadCorH",108,"ne","","1.0",NA,NA,"",""
"base","ReadCorR",1,"numberBox","Multiplier for species 1","1.0",NA,NA,"",""
"base","ReadCorR",2,"numberBox","Multiplier for species 2","1.0",NA,NA,"",""
"base","ReadCorR",3,"numberBox","Multiplier for species 3","1.0",NA,NA,"",""
"base","ReadCorR",4,"numberBox","Multiplier for species 4","1.0",NA,NA,"",""
"base","ReadCorR",5,"numberBox","Multiplier for species 5","1.0",NA,NA,"",""
"base","ReadCorR",6,"numberBox","Multiplier for species 6","1.0",NA,NA,"",""
"base","ReadCorR",7,"numberBox","Multiplier for species 7","1.0",NA,NA,"",""
"base","ReadCorR",8,"numberBox","Multiplier for species 8","1.0",NA,NA,"",""
"base","ReadCorR",9,"numberBox","Multiplier for species 9","1.0",NA,NA,"",""
"base","ReadCorR",10,"numberBox","Multiplier for species 10","1.0",NA,NA,"",""
"base","ReadCorR",11,"numberBox","Multiplier for species 11","1.0",NA,NA,"",""
"base","ReadCorR",12,"ak","bm ne nc ls cs wc pn op sn ie em ci so ec ca oc ws tt ut cr sw sp bp sf lp","1.0",NA,NA,"",""
"base","ReadCorR",13,"ak","bm ne ls cs wc pn op sn ie em ci so ec ca oc ws tt ut cr sw sp bp sf lp","1.0",NA,NA,"",""
"base","ReadCorR",14,"ak","bm ne ls cs wc pn op sn ie em ci so ec ca oc ws tt ut cr sw sp bp sf lp","1.0",NA,NA,"",""
"base","ReadCorR",15,"ak","bm ne ls cs wc pn op sn ie em ci so ec ca oc ws tt ut cr sw sp bp sf lp","1.0",NA,NA,"",""
"base","ReadCorR",16,"ak","bm ne ls cs wc pn op sn ie em ci so ec ca oc ws tt ut cr sw sp bp sf lp","1.0",NA,NA,"",""
"base","ReadCorR",17,"ak","bm ne ls cs wc pn op sn ie em ci so ec ca oc ws tt ut cr sw sp bp sf lp","1.0",NA,NA,"",""
"base","ReadCorR",18,"ak","bm ne ls cs wc pn op sn ie em ci so ec ca oc ws tt ut cr sw sp bp sf lp","1.0",NA,NA,"",""
"base","ReadCorR",19,"ak","ne ls cs wc pn op sn ie em ci so ec ca oc ws ut cr sw sp bp sf lp","1.0",NA,NA,"",""
"base","ReadCorR",20,"ak","ne ls cs wc pn op sn ie so ec ca oc ws ut cr sw sp bp sf lp","1.0",NA,NA,"",""
"base","ReadCorR",21,"ak","ne ls cs wc pn op sn ie so ec ca oc ws ut cr sw sp bp sf lp","1.0",NA,NA,"",""
"base","ReadCorR",22,"ak","ne ls cs wc pn op sn ie so ec ca oc ws ut cr sw sp bp sf lp","1.0",NA,NA,"",""
"base","ReadCorR",23,"ak","ne ls cs wc pn op sn ie so ec ca oc ws ut cr sw sp bp sf lp","1.0",NA,NA,"",""
"base","ReadCorR",24,"ne","ls cs wc pn op sn ca oc ws so ec ut cr sw sp bp sf lp","1.0",NA,NA,"",""
"base","ReadCorR",25,"ne","ls cs wc pn op so ec sn ca oc ws cr sw sp bp sf lp","1.0",NA,NA,"",""
"base","ReadCorR",26,"ne","ls cs wc pn op so ec sn ca oc ws cr sw sp bp sf lp","1.0",NA,NA,"",""
"base","ReadCorR",27,"ne","ls cs wc pn op so ec sn ca oc ws cr sw sp bp sf lp","1.0",NA,NA,"",""
"base","ReadCorR",28,"ne","ls cs wc pn op so ec sn ca oc ws cr sw sp bp sf lp","1.0",NA,NA,"",""
"base","ReadCorR",29,"ne","ls cs wc pn op so ec sn ca oc ws cr sw sp bp sf lp","1.0",NA,NA,"",""
"base","ReadCorR",30,"ne","ls cs wc pn op so ec sn ca oc ws cr sw sp bp sf lp","1.0",NA,NA,"",""
"base","ReadCorR",31,"ne","ls cs wc pn op so ec sn ca oc ws cr sw sp bp sf lp","1.0",NA,NA,"",""
"base","ReadCorR",32,"ne","ls cs wc pn op so ec sn ca oc ws cr sw sp bp sf lp","1.0",NA,NA,"",""
"base","ReadCorR",33,"ne","ls cs wc pn op so sn ca oc ws cr sw sp bp sf lp","1.0",NA,NA,"",""
"base","ReadCorR",34,"ne","ls cs wc pn op sn ca oc ws cr sw sp bp sf lp","1.0",NA,NA,"",""
"base","ReadCorR",35,"ne","ls cs wc pn op sn ca oc ws cr sw sp bp sf lp","1.0",NA,NA,"",""
"base","ReadCorR",36,"ne","ls cs wc pn op sn ca oc ws cr sw sp bp sf lp","1.0",NA,NA,"",""
"base","ReadCorR",37,"ne","ls cs wc pn op sn ca oc ws cr sw sp bp sf lp","1.0",NA,NA,"",""
"base","ReadCorR",38,"ne","ls cs wc pn op sn ca oc ws cr sw sp bp sf lp","1.0",NA,NA,"",""
"base","ReadCorR",39,"ne","ls cs wc pn op sn ca oc ws","1.0",NA,NA,"",""
"base","ReadCorR",40,"ne","ls cs sn ca oc ws","1.0",NA,NA,"",""
"base","ReadCorR",41,"ne","ls cs sn ca oc ws","1.0",NA,NA,"",""
"base","ReadCorR",42,"ne","ls cs sn ca oc ws","1.0",NA,NA,"",""
"base","ReadCorR",43,"ne","ls cs sn ca oc ws","1.0",NA,NA,"",""
"base","ReadCorR",44,"ne","ls cs sn ca oc","1.0",NA,NA,"",""
"base","ReadCorR",45,"ne","ls cs sn ca oc","1.0",NA,NA,"",""
"base","ReadCorR",46,"ne","ls cs sn ca oc","1.0",NA,NA,"",""
"base","ReadCorR",47,"ne","ls cs sn ca oc","1.0",NA,NA,"",""
"base","ReadCorR",48,"ne","ls cs sn ca oc","1.0",NA,NA,"",""
"base","ReadCorR",49,"ne","ls cs sn ca oc","1.0",NA,NA,"",""
"base","ReadCorR",50,"ne","ls cs sn ca oc","1.0",NA,NA,"",""
"base","ReadCorR",51,"ne","ls cs sn","1.0",NA,NA,"",""
"base","ReadCorR",52,"ne","ls cs sn","1.0",NA,NA,"",""
"base","ReadCorR",53,"ne","ls cs sn","1.0",NA,NA,"",""
"base","ReadCorR",54,"ne","ls cs sn","1.0",NA,NA,"",""
"base","ReadCorR",55,"ne","ls cs sn","1.0",NA,NA,"",""
"base","ReadCorR",56,"ne","ls cs sn","1.0",NA,NA,"",""
"base","ReadCorR",57,"ne","ls cs sn","1.0",NA,NA,"",""
"base","ReadCorR",58,"ne","ls cs sn","1.0",NA,NA,"",""
"base","ReadCorR",59,"ne","ls cs sn","1.0",NA,NA,"",""
"base","ReadCorR",60,"ne","ls cs sn","1.0",NA,NA,"",""
"base","ReadCorR",61,"ne","ls cs sn","1.0",NA,NA,"",""
"base","ReadCorR",62,"ne","ls cs sn","1.0",NA,NA,"",""
"base","ReadCorR",63,"ne","ls cs sn","1.0",NA,NA,"",""
"base","ReadCorR",64,"ne","ls cs sn","1.0",NA,NA,"",""
"base","ReadCorR",65,"ne","ls cs sn","1.0",NA,NA,"",""
"base","ReadCorR",66,"ne","ls cs sn","1.0",NA,NA,"",""
"base","ReadCorR",67,"ne","ls cs sn","1.0",NA,NA,"",""
"base","ReadCorR",68,"ne","ls cs sn","1.0",NA,NA,"",""
"base","ReadCorR",69,"ne","cs sn","1.0",NA,NA,"",""
"base","ReadCorR",70,"ne","cs sn","1.0",NA,NA,"",""
"base","ReadCorR",71,"ne","cs sn","1.0",NA,NA,"",""
"base","ReadCorR",72,"ne","cs sn","1.0",NA,NA,"",""
"base","ReadCorR",73,"ne","cs sn","1.0",NA,NA,"",""
"base","ReadCorR",74,"ne","cs sn","1.0",NA,NA,"",""
"base","ReadCorR",75,"ne","cs sn","1.0",NA,NA,"",""
"base","ReadCorR",76,"ne","cs sn","1.0",NA,NA,"",""
"base","ReadCorR",77,"ne","cs sn","1.0",NA,NA,"",""
"base","ReadCorR",78,"ne","cs sn","1.0",NA,NA,"",""
"base","ReadCorR",79,"ne","cs sn","1.0",NA,NA,"",""
"base","ReadCorR",80,"ne","cs sn","1.0",NA,NA,"",""
"base","ReadCorR",81,"ne","cs sn","1.0",NA,NA,"",""
"base","ReadCorR",82,"ne","cs sn","1.0",NA,NA,"",""
"base","ReadCorR",83,"ne","cs sn","1.0",NA,NA,"",""
"base","ReadCorR",84,"ne","cs sn","1.0",NA,NA,"",""
"base","ReadCorR",85,"ne","cs sn","1.0",NA,NA,"",""
"base","ReadCorR",86,"ne","cs sn","1.0",NA,NA,"",""
"base","ReadCorR",87,"ne","cs sn","1.0",NA,NA,"",""
"base","ReadCorR",88,"ne","cs sn","1.0",NA,NA,"",""
"base","ReadCorR",89,"ne","cs sn","1.0",NA,NA,"",""
"base","ReadCorR",90,"ne","cs sn","1.0",NA,NA,"",""
"base","ReadCorR",91,"ne","cs","1.0",NA,NA,"",""
"base","ReadCorR",92,"ne","cs","1.0",NA,NA,"",""
"base","ReadCorR",93,"ne","cs","1.0",NA,NA,"",""
"base","ReadCorR",94,"ne","cs","1.0",NA,NA,"",""
"base","ReadCorR",95,"ne","cs","1.0",NA,NA,"",""
"base","ReadCorR",96,"ne","cs","1.0",NA,NA,"",""
"base","ReadCorR",97,"ne","","1.0",NA,NA,"",""
"base","ReadCorR",98,"ne","","1.0",NA,NA,"",""
"base","ReadCorR",99,"ne","","1.0",NA,NA,"",""
"base","ReadCorR",100,"ne","","1.0",NA,NA,"",""
"base","ReadCorR",101,"ne","","1.0",NA,NA,"",""
"base","ReadCorR",102,"ne","","1.0",NA,NA,"",""
"base","ReadCorR",103,"ne","","1.0",NA,NA,"",""
"base","ReadCorR",104,"ne","","1.0",NA,NA,"",""
"base","ReadCorR",105,"ne","","1.0",NA,NA,"",""
"base","ReadCorR",106,"ne","","1.0",NA,NA,"",""
"base","ReadCorR",107,"ne","","1.0",NA,NA,"",""
"base","ReadCorR",108,"ne","","1.0",NA,NA,"",""
"base","RegDMult",1,"scheduleBox","","1",NA,NA,"",""
"base","RegDMult",2,"speciesSelection","Species to which multiplier is applied","",NA,NA,"",""
"base","RegDMult",3,"numberBox","Multiplier value","1",NA,NA,"",""
"base","RegHMult",1,"scheduleBox","","1",NA,NA,"",""
"base","RegHMult",2,"speciesSelection","Species to which multiplier is applied","",NA,NA,"",""
"base","RegHMult",3,"numberBox","Multiplier value","1",NA,NA,"",""
"base","ResetAge",1,"scheduleBox","","0",NA,NA,"",""
"base","ResetAge",2,"numberBox","New stand age","0",NA,NA,"",""
"base","Screen",1,"numberBox","Unit number where the Screen output will be directed","",NA,NA,"",""
"base","SDICalc",1,"numberBox","Minimum DBH for including in Reineke SDI calculation (GE)","0",NA,NA,"",""
"base","SDICalc",2,"numberBox","Minimum DBH for including in Zeide SDI calculation (GE)","0",NA,NA,"",""
"base","SDICalc",3,"longListButton","SDI Calculation Method","Reineke SDI",NA,NA,"Reineke SDI|Zeide SDI",""
"base","SDIMax",1,"speciesSelection","Species to which the index applies","",NA,NA,"","so=so ;; bm=bm"
"base","SDIMax",2,"numberBox","Maximum stand density index value","blank",NA,NA,"","so=so ;; bm=bm ;; ec=ec"
"base","SDIMax",3,"noInput","","",NA,NA,"",""
"base","SDIMax",4,"noInput","","",NA,NA,"",""
"base","SDIMax",5,"sliderBox","Percentage of max SDI where density-related mortality begins","55",0,95,"",""
"base","SDIMax",6,"sliderBox","Percentage of max SDI where stand reaches maximum density","85",5,100,"",""
"base","SDIMax",7,"cr","sw sp bp sf lp","",NA,NA,"","cr sw sp bp sf lp=cr sw sp bp sf lp"
"base","SerlCorr",1,"cs","ls ne","0.74",NA,NA,"",""
"base","SerlCorr",2,"cs","ls ne","0.42",NA,NA,"",""
"base","SetPThin",1,"scheduleBox","","",NA,NA,"",""
"base","SetPThin",2,"textEdit","Point Number or Group","",NA,NA,"",""
"base","SetPThin",3,"longListButton","Point thinning residual attribute","1 = trees per acre",NA,NA,"1 = trees per acre|2 = basal area|3 = stand density index|4 = percent canopy cover|5 = Curtis' relative density|6 = SILVAH's relative density",""
"base","SetSite",1,"scheduleBox","","",NA,NA,"",""
"base","SetSite",2,"ls","","",NA,NA,"","cr sw bp sp sf lp=cr sw bp sp sf lp ;; ni ie em ci kt=ni ie em ci kt ;; bm ec so ca ut pn wc=bm ec so ca ut pn wc ;; sn=sn ;; ls=ls"
"base","SetSite",3,"numberBox","Basal area maximum","blank -999 999",NA,NA,"",""
"base","SetSite",4,"speciesSelection","Species whose site index will change:","",NA,NA,"",""
"base","SetSite",5,"numberBox","Site index value or percent change:","blank -999 999",NA,NA,"",""
"base","SetSite",6,"longListButton","Site index value code:","The value in the previous field is a site index value",NA,NA,"The value in the previous field is a site index value|The value in the previous field is a percent change",""
"base","SetSite",7,"numberBox","Stand Density Index maximum for species specified","blank",NA,NA,"",""
"base","SiteCode",1,"noInput","Not applicable to the variant you are using","",NA,NA,"","nc sw sp tt pn ca=nc sw sp tt pn ca ;; wc=wc ;; bm=bm ;; so ec bp ws=so ec bp ws ;; ne=ne ;; cs=cs ;; ls=ls ;; em sn cr ie ci=em sn cr ie ci ;; lp ut=lp ut ;; sf=sf ;; ak=ak"
"base","SiteCode",2,"","","",NA,NA,"","nc=nc ;; ut=ut ;; em sw sp sn wc so=em sw sp sn wc so ;; cr ie ci=cr ie ci ;; bp=bp ;; bm=bm ;; sf ec=sf ec ;; lp cs=lp cs ;; ak ca=ak ca ;; ws pn=ws pn ;; tt=tt ;; ls=ls ;; ne=ne"
"base","SiteCode",3,"","","",NA,NA,"","ie nc cr sw sp tt pn wc so bm ec bp ne cs ls em sn lp ut sf ak ws ca ci=ie nc cr sw sp tt pn wc so bm ec bp ne cs ls em sn lp ut sf ak ws ca ci"
"base","SpCodes",1,"speciesSelection","Species to be identified with a new code","deleteAll",NA,NA,"",""
"base","SpCodes",2,"textEdit","New species code:","",NA,NA,"",""
"base","SpecPref",1,"scheduleBox","","",NA,NA,"",""
"base","SpecPref",2,"speciesSelection","Species whose removal priority will be changed","",NA,NA,"",""
"base","SpecPref",3,"sliderBox","Preference for removal of the selected species","0",-999,999,"",""
"base","SpGroup",1,"textEdit","Specify an 2-10 character Species Group","",NA,NA,"",""
"base","SpGroup",2,"speciesSelection","Species included in the group:","deleteAll",NA,NA,"",""
"base","SpGroup",3,"speciesSelection","Species included in the group:","deleteAll",NA,NA,"",""
"base","SpGroup",4,"speciesSelection","Species included in the group:","deleteAll",NA,NA,"",""
"base","SpGroup",5,"speciesSelection","Species included in the group:","deleteAll",NA,NA,"",""
"base","SpGroup",6,"speciesSelection","Species included in the group:","deleteAll",NA,NA,"",""
"base","SpGroup",7,"speciesSelection","Species included in the group:","deleteAll",NA,NA,"",""
"base","SpGroup",8,"speciesSelection","Species included in the group:","deleteAll",NA,NA,"",""
"base","SpGroup",9,"speciesSelection","Species included in the group:","deleteAll",NA,NA,"",""
"base","SpGroup",10,"speciesSelection","Species included in the group:","deleteAll",NA,NA,"",""
"base","SpGroup",11,"speciesSelection","Species included in the group:","deleteAll",NA,NA,"",""
"base","SpGroup",12,"speciesSelection","Species included in the group:","deleteAll",NA,NA,"",""
"base","SpGroup",13,"ak","bm em ie ci cr so ec pn op wc ws ca oc cs ls ne sn tt ut nc","deleteAll",NA,NA,"",""
"base","SpGroup",14,"ak","bm em ie ci cr so ec pn op wc ws ca oc cs ls ne sn tt ut","deleteAll",NA,NA,"",""
"base","SpGroup",15,"ak","bm em ie cr ci so ec pn op wc ws ca oc ws cs ls ne sn tt ut","deleteAll",NA,NA,"",""
"base","SpGroup",16,"ak","bm em ie cr ci so ec pn op wc ws ca oc cs ls ne sn tt ut","deleteAll",NA,NA,"",""
"base","SpGroup",17,"ak","bm em ie cr ci so ec pn op wc ws ca oc cs ls ne sn tt ut","deleteAll",NA,NA,"",""
"base","SpGroup",18,"ak","bm em ie cr ci so ec pn op wc ws ca oc cs ls ne sn tt ut","deleteAll",NA,NA,"",""
"base","SpGroup",19,"ak","em ie cr ci so ec pn op wc ca oc ws cs ls ne sn ut","deleteAll",NA,NA,"",""
"base","SpGroup",20,"ak","ie cr so ec pn op wc ws ca oc cs ls ne sn ut","deleteAll",NA,NA,"",""
"base","SpGroup",21,"ak","ie cr so ec pn op wc ws ca oc cs ls ne sn ut","deleteAll",NA,NA,"",""
"base","SpGroup",22,"ak","ie cr so ec pn op wc ws ca oc cs ls ne sn ut","deleteAll",NA,NA,"",""
"base","SpGroup",23,"ak","ie cr so ec pn op wc ws ca oc cs ls ne sn ut","deleteAll",NA,NA,"",""
"base","SpGroup",24,"ak","ie cr so ec pn op wc ws ca oc cs ls ne sn ut","deleteAll",NA,NA,"",""
"base","SpGroup",25,"cr","so ec pn op wc ws ca oc cs ls ne sn","deleteAll",NA,NA,"",""
"base","SpGroup",26,"cr","so ec pn op wc ws ca oc cs ls ne sn","deleteAll",NA,NA,"",""
"base","SpGroup",27,"cr","so ec pn op wc ws ca oc cs ls ne sn","deleteAll",NA,NA,"",""
"base","SpGroup",28,"cr","so ec pn op wc ws ca oc cs ls ne sn","deleteAll",NA,NA,"",""
"base","SpGroup",29,"cr","so ec pn op wc ws ca oc cs ls ne sn","deleteAll",NA,NA,"",""
"base","SpGroup",30,"cr","so ec pn op wc ws ca oc cs ls ne sn","deleteAll",NA,NA,"",""
"base","SpGroup",31,"cr","so ec pn op wc ws ca oc cs ls ne sn","deleteAll",NA,NA,"",""
"base","SpGroup",32,"cr","so ec pn op wc ws ca oc cs ls ne sn","deleteAll",NA,NA,"",""
"base","SpGroup",33,"cr","so pn op wc ws ca oc cs ls ne sn","deleteAll",NA,NA,"",""
"base","SpGroup",34,"cr","so pn op wc ws ca oc cs ls ne sn","deleteAll",NA,NA,"",""
"base","SpGroup",35,"cr","pn op wc ws ca oc cs ls ne sn","deleteAll",NA,NA,"",""
"base","SpGroup",36,"cr","pn op wc ws ca oc cs ls ne sn","deleteAll",NA,NA,"",""
"base","SpGroup",37,"cr","pn op wc ws ca oc cs ls ne sn","deleteAll",NA,NA,"",""
"base","SpGroup",38,"cr","pn op wc ws ca oc cs ls ne sn","deleteAll",NA,NA,"",""
"base","SpGroup",39,"pn","op wc ws ca oc cs ls ne sn","deleteAll",NA,NA,"",""
"base","SpGroup",40,"pn","op wc ws ca oc cs ls ne sn","deleteAll",NA,NA,"",""
"base","SpGroup",41,"ws","ca oc cs ls ne sn","deleteAll",NA,NA,"",""
"base","SpGroup",42,"ws","ca oc cs ls ne sn","deleteAll",NA,NA,"",""
"base","SpGroup",43,"ws","ca oc cs ls ne sn","deleteAll",NA,NA,"",""
"base","SpGroup",44,"ca","oc cs ls ne sn","deleteAll",NA,NA,"",""
"base","SpGroup",45,"ca","oc cs ls ne sn","deleteAll",NA,NA,"",""
"base","SpGroup",46,"ca","oc cs ls ne sn","deleteAll",NA,NA,"",""
"base","SpGroup",47,"ca","oc cs ls ne sn","deleteAll",NA,NA,"",""
"base","SpGroup",48,"ca","oc cs ls ne sn","deleteAll",NA,NA,"",""
"base","SpGroup",49,"ca","oc cs ls ne sn","deleteAll",NA,NA,"",""
"base","SpGroup",50,"ca","oc cs ls ne sn","deleteAll",NA,NA,"",""
"base","SpGroup",51,"ca","oc cs ls ne sn","deleteAll",NA,NA,"",""
"base","SpGroup",52,"cs","ls ne sn","deleteAll",NA,NA,"",""
"base","SpGroup",53,"cs","ls ne sn","deleteAll",NA,NA,"",""
"base","SpGroup",54,"cs","ls ne sn","deleteAll",NA,NA,"",""
"base","SpGroup",55,"cs","ls ne sn","deleteAll",NA,NA,"",""
"base","SpGroup",56,"cs","ls ne sn","deleteAll",NA,NA,"",""
"base","SpGroup",57,"cs","ls ne sn","deleteAll",NA,NA,"",""
"base","SpGroup",58,"cs","ls ne sn","deleteAll",NA,NA,"",""
"base","SpGroup",59,"cs","ls ne sn","deleteAll",NA,NA,"",""
"base","SpGroup",60,"cs","ls ne sn","deleteAll",NA,NA,"",""
"base","SpGroup",61,"cs","ls ne sn","deleteAll",NA,NA,"",""
"base","SpGroup",62,"cs","ls ne sn","deleteAll",NA,NA,"",""
"base","SpGroup",63,"cs","ls ne sn","deleteAll",NA,NA,"",""
"base","SpGroup",64,"cs","ls ne sn","deleteAll",NA,NA,"",""
"base","SpGroup",65,"cs","ls ne sn","deleteAll",NA,NA,"",""
"base","SpGroup",66,"cs","ne sn","deleteAll",NA,NA,"",""
"base","SpGroup",67,"cs","ne sn","deleteAll",NA,NA,"",""
"base","SpGroup",68,"cs","ne sn","deleteAll",NA,NA,"",""
"base","SpGroup",69,"cs","ne sn","deleteAll",NA,NA,"",""
"base","SpGroup",70,"cs","ne sn","deleteAll",NA,NA,"",""
"base","SpGroup",71,"cs","ne sn","deleteAll",NA,NA,"",""
"base","SpGroup",72,"cs","ne sn","deleteAll",NA,NA,"",""
"base","SpGroup",73,"cs","ne sn","deleteAll",NA,NA,"",""
"base","SpGroup",74,"cs","ne sn","deleteAll",NA,NA,"",""
"base","SpGroup",75,"cs","ne sn","deleteAll",NA,NA,"",""
"base","SpGroup",76,"cs","ne sn","deleteAll",NA,NA,"",""
"base","SpGroup",77,"cs","ne sn","deleteAll",NA,NA,"",""
"base","SpGroup",78,"cs","ne sn","deleteAll",NA,NA,"",""
"base","SpGroup",79,"cs","ne sn","deleteAll",NA,NA,"",""
"base","SpGroup",80,"cs","ne sn","deleteAll",NA,NA,"",""
"base","SpGroup",81,"cs","ne sn","deleteAll",NA,NA,"",""
"base","SpGroup",82,"cs","ne sn","deleteAll",NA,NA,"",""
"base","SpGroup",83,"cs","ne sn","deleteAll",NA,NA,"",""
"base","SpGroup",84,"cs","ne sn","deleteAll",NA,NA,"",""
"base","SpGroup",85,"cs","ne sn","deleteAll",NA,NA,"",""
"base","SpGroup",86,"cs","ne sn","deleteAll",NA,NA,"",""
"base","SpGroup",87,"cs","ne sn","deleteAll",NA,NA,"",""
"base","SpGroup",88,"cs","ne sn","deleteAll",NA,NA,"",""
"base","SpGroup",89,"cs","ne sn","deleteAll",NA,NA,"",""
"base","SpGroup",90,"cs","ne sn","deleteAll",NA,NA,"",""
"base","SpGroup",91,"cs","ne sn","deleteAll",NA,NA,"",""
"base","SpLeave",1,"scheduleBox","","",NA,NA,"",""
"base","SpLeave",2,"speciesSelection","Species or species group","",NA,NA,"",""
"base","SpLeave",3,"longListButton","","Exclude the species from harvest",NA,NA,"Exclude the species from harvest|Include the species in the harvest",""
"base","StandCN",1,"longTextEdit","Stand_CN:","",NA,NA,"",""
"base","Stats",1,"sliderBox","Significance level for computing the confidence limits","0.05",0.01,0.5,"",""
"base","StdIdent",1,"textEdit","Specify an 26 character stand id:","",NA,NA,"",""
"base","StdInfo",1,"forestSelection","National Forest where stand is located.","blank",NA,NA,"",""
"base","StdInfo",2,"ls","","",NA,NA,"","ws tt cr sw bp sp sf lp=ws tt cr sw bp sp sf lp ;; ni ie em ci kt=ni ie em ci kt ;; bm ec so ca ut pn wc=bm ec so ca ut pn wc ;; sn=sn ;; ls=ls"
"base","StdInfo",3,"numberBox","Stand age","blank",NA,NA,"",""
"base","StdInfo",4,"sliderBox","Stand aspect in degrees","0",360,0,"",""
"base","StdInfo",5,"sliderBox","Stand slope in percent","0",100,0,"",""
"base","StdInfo",6,"ak","","blank",NA,NA,"","ak=ak"
"base","StdInfo",7,"numberBox","Potential vegetation reference code","blank",NA,NA,"",""
"base","StdInfo",8,"textEdit","Ecoregion (used for FIAVBC)","",NA,NA,"",""
"base","StdInfo",9,"longListButton","Stand Origin (e.g. natural or plantation; used for FIAVBC)","\",NA,NA,"\|0 = Natural|1 = Plantation",""
"base","StrClass",1,"longListButton","Report generation option:","  Print structural class report",NA,NA,"Do not print structural class report|  Print structural class report",""
"base","StrClass",2,"sliderBox","Percentage of tree height:","30",0,100,"",""
"base","StrClass",3,"numberBox","DBH break between seeling/saplings and pole-sized trees.","5.0",NA,NA,"",""
"base","StrClass",4,"numberBox","DBH break between pole-sized and large, older, trees.","25.0",NA,NA,"",""
"base","StrClass",5,"sliderBox","Minimum cover percent:","5",0,100,"",""
"base","StrClass",6,"numberBox","Minimum trees/acre needed to be classifed ""Stand Initiation""","200 0 Fmax 0 500",NA,NA,"",""
"base","StrClass",7,"sliderBox","Minimum percent of MAXSDI to be classified ""Stem Exclusion""","30",0,100,"",""
"base","SVS",1,"longListButton","Plot geometry and tree placement:"," Subdivided square plot, place trees in subplots",NA,NA,"Square plot, ignore subplot identifications| Subdivided square plot, place trees in subplots|Round plot, ignore subplot identifications|Subdivided round plot, place trees in subplots",""
"base","SVS",2,"sliderBox","Ground file grid size (zero = no ground files):","100",0,256,"",""
"base","SVS",3,"listButton","Draw range poles:","No",NA,NA,"No|Yes",""
"base","SVS",4,"listButton","Draw subplot boundaries:","No",NA,NA,"No|Yes",""
"base","SVS",5,"listButtonString","Ground color codes:","2 = Tan",NA,NA,"\|1 = Red/orange|2 = Tan|3 = Reddish brown|4 = Light grey|5 = Lime green|6 = Dark green|7 = Medium bluegreen|8 = Dark green|9 = Dark grey|10 = Light brown|11 = Khaki/brown|12 = Light green|13 = Dark bluegreen|14 = Chocolate brown|15 = Dark tan|16 = Yellow|17 = Medium grey|18 = Brown|19 = Green|20 = Dark brown|-1 = Solid Red/orange|-2 = Solid Tan|-3 = Solid Reddish brown|-4 = Solid Light grey|-5 = Solid Lime green|-6 = Solid Dark green|-7 = Solid Medium bluegreen|-8 = Solid Dark green|-9 = Solid Dark grey|-10 = Solid Light brown|-11 = Solid Khaki/brown|-12 = Solid Light green|-13 = Solid Dark bluegreen|-14 = Solid Chocolate brown|-15 = Solid Dark tan|-16 = Solid Yellow|-17 = Solid Medium grey|-18 = Solid Brown|-19 = Solid Green|-20 = Solid Dark brown",""
"base","SVS",6,"listButtonString","Units:","\",NA,NA,"\|0 = Imperial|1 = Metric",""
"base","TCondMLT",1,"scheduleBox","","",NA,NA,"",""
"base","TCondMLT",2,"sliderBox","Tree condition class multiplier","0",-200,200,"",""
"base","TCondMLT",3,"sliderBox","Special tree status multiplier","0",-200,200,"",""
"base","TCondMLT",4,"sliderBox","Point basal area multiplier","0",-200,200,"",""
"base","TCondMLT",5,"sliderBox","Point crown competition factor multiplier","0",-200,200,"",""
"base","TCondMLT",6,"sliderBox","Point tree per acre multiplier","0",-200,200,"",""
"base","TFixArea",1,"numberBox","Inverse of total small-tree fixed plot area","300",NA,NA,"",""
"base","ThinABA",1,"scheduleBox","","1",NA,NA,"",""
"base","ThinABA",2,"numberBox","Residual basal area (within specified tree size range)","0",NA,NA,"",""
"base","ThinABA",3,"sliderBox","Cutting efficiency parameter specific to this thinning request","1",0,1,"",""
"base","ThinABA",4,"numberBox","Smallest DBH to be considered for removal (greater than/equal)","0",NA,NA,"",""
"base","ThinABA",5,"numberBox","Largest DBH to be considered for removal (less than)","999",NA,NA,"",""
"base","ThinABA",6,"numberBox","Shortest tree to be considered for removal (greater than/equal)","0",NA,NA,"",""
"base","ThinABA",7,"numberBox","Tallest tree to be considered for removal (less than)","999",NA,NA,"",""
"base","ThinATA",1,"scheduleBox","","",NA,NA,"",""
"base","ThinATA",2,"numberBox","Residual trees per acre (within specified tree size range)","0",NA,NA,"",""
"base","ThinATA",3,"sliderBox","Cutting efficiency parameter for this thinning request.","1",0,1,"",""
"base","ThinATA",4,"numberBox","Smallest DBH to be considered for removal (greater than/equal)","0",NA,NA,"",""
"base","ThinATA",5,"numberBox","Largest DBH to be considered for removal (less than)","999",NA,NA,"",""
"base","ThinATA",6,"numberBox","Shortest tree to be considered for removal (greater than/equal)","0",NA,NA,"",""
"base","ThinATA",7,"numberBox","Tallest tree to be considered for removal (less than)","999",NA,NA,"",""
"base","ThinAuto",1,"scheduleBox","","",NA,NA,"",""
"base","ThinAuto",2,"sliderBox","Lower limit of percentage of normal stocking","45",0,100,"",""
"base","ThinAuto",3,"sliderBox","Upper limit of percentage of normal stocking","60",0,100,"",""
"base","ThinAuto",4,"sliderBox","Cutting efficiency","1",0,1,"",""
"base","ThinBBA",1,"scheduleBox","","1",NA,NA,"",""
"base","ThinBBA",2,"numberBox","Residual basal area (within specified tree size range)","0",NA,NA,"",""
"base","ThinBBA",3,"sliderBox","Cutting efficiency parameter specific to this thinning request","1",0,1,"",""
"base","ThinBBA",4,"numberBox","Smallest DBH to be considered for removal (greater than/equal)","0",NA,NA,"",""
"base","ThinBBA",5,"numberBox","Largest DBH to be considered for removal (less than)","999",NA,NA,"",""
"base","ThinBBA",6,"numberBox","Shortest tree to be considered for removal (greater than/equal)","0",NA,NA,"",""
"base","ThinBBA",7,"numberBox","Tallest tree to be considered for removal (less than)","999",NA,NA,"",""
"base","ThinBTA",1,"scheduleBox","","",NA,NA,"",""
"base","ThinBTA",2,"numberBox","Residual trees per acre (within specified tree size range)","0",NA,NA,"",""
"base","ThinBTA",3,"sliderBox","Cutting efficiency parameter for this thinning request.","1",0,1,"",""
"base","ThinBTA",4,"numberBox","Smallest DBH to be considered for removal (greater than/equal)","0",NA,NA,"",""
"base","ThinBTA",5,"numberBox","Largest DBH to be considered for removal (less than)","999",NA,NA,"",""
"base","ThinBTA",6,"numberBox","Shortest tree to be considered for removal (greater than/equal)","0",NA,NA,"",""
"base","ThinBTA",7,"numberBox","Tallest tree to be considered for removal (less than)","999",NA,NA,"",""
"base","ThinCC",1,"scheduleBox","","",NA,NA,"",""
"base","ThinCC",2,"numberBox","Residual canopy cover percent (within specified DBH range)","0",NA,NA,"",""
"base","ThinCC",3,"sliderBox","Cutting efficiency parameter specific to this thinning request","1",0,1,"",""
"base","ThinCC",4,"speciesSelection","Species to be removed in this cut","",NA,NA,"",""
"base","ThinCC",5,"numberBox","Smallest DBH to be considered for removal (greater than/equal)","0",NA,NA,"",""
"base","ThinCC",6,"numberBox","Largest DBH to be considered for removal (less than)","999",NA,NA,"",""
"base","ThinCC",7,"longListButton","Cutting control","Thin throughout the specified diameter range",NA,NA,"Thin throughout the specified diameter range|Thin from below in the specified diameter range|Thin from above in the specified diameter range",""
"base","ThinDBH",1,"scheduleBox","","",NA,NA,"",""
"base","ThinDBH",2,"numberBox","Smallest DBH to be considered for removal (greater than/equal)","0",NA,NA,"",""
"base","ThinDBH",3,"numberBox","Largest DBH to be considered for removal (less than)","999",NA,NA,"",""
"base","ThinDBH",4,"sliderBox","Cutting efficiency parameter specific to this thinning request","1",0,1,"",""
"base","ThinDBH",5,"speciesSelection","Species to be removed in this cut","",NA,NA,"",""
"base","ThinDBH",6,"numberBox","Residual trees per acre (within specified DBH range)","0",NA,NA,"",""
"base","ThinDBH",7,"numberBox","Residual basal area (within specified DBH range)","0",NA,NA,"",""
"base","ThinHt",1,"scheduleBox","","",NA,NA,"",""
"base","ThinHt",2,"numberBox","Shortest tree to be considered for removal (greater than/equal)","0",NA,NA,"",""
"base","ThinHt",3,"numberBox","Tallest tree to be considered for removal (less than)","999",NA,NA,"",""
"base","ThinHt",4,"sliderBox","Cutting efficiency parameter specific to this thinning request","1",0,1,"",""
"base","ThinHt",5,"speciesSelection","Species to be removed in this cut","",NA,NA,"",""
"base","ThinHt",6,"numberBox","Residual trees per acre (within specified height range)","0",NA,NA,"",""
"base","ThinHt",7,"numberBox","Residual basal area (within specified height range)","0",NA,NA,"",""
"base","ThinMist",1,"scheduleBox","","",NA,NA,"",""
"base","ThinMist",2,"numberBox","DMR code for trees that are to be removed in this thinning","0",NA,NA,"",""
"base","ThinMist",3,"numberBox","Smallest DBH to be considered for removal (greater than/equal)","0",NA,NA,"",""
"base","ThinMist",4,"numberBox","Largest DBH to be considered for removal (less than)","999",NA,NA,"",""
"base","ThinMist",5,"sliderBox","Cutting efficiency parameter specific to this thinning request","1",0,1,"",""
"base","ThinPRSC",1,"scheduleBox","","",NA,NA,"",""
"base","ThinPRSC",2,"sliderBox","Cutting efficiency parameter specific to this thinning request","1",0,1,"",""
"base","ThinPRSC",3,"numberBox","Cut code for trees you want removed in this harvest","blank",NA,NA,"",""
"base","ThinPt",1,"scheduleBox","","",NA,NA,"",""
"base","ThinPt",2,"numberBox","Residual target for the attribute specified on the SetPThin keyword","0",NA,NA,"",""
"base","ThinPt",3,"sliderBox","Cutting efficiency parameter specific to this thinning request","1",0,1,"",""
"base","ThinPt",4,"speciesSelection","Species to be removed in this cut","",NA,NA,"",""
"base","ThinPt",5,"numberBox","Smallest DBH to be considered for removal (greater than/equal)","0",NA,NA,"",""
"base","ThinPt",6,"numberBox","Largest DBH to be considered for removal (less than)","999",NA,NA,"",""
"base","ThinPt",7,"longListButton","Cutting control","Thin throughout the specified diameter range",NA,NA,"Thin throughout the specified diameter range|Thin from below in the specified diameter range|Thin from above in the specified diameter range",""
"base","ThinQFA",1,"scheduleBox","","",NA,NA,"",""
"base","ThinQFA",2,"numberBox","Smallest DBH to be considered for removal (greater than/equal)","0",NA,NA,"",""
"base","ThinQFA",3,"numberBox","Largest DBH to be considered for removal (less than)","24",NA,NA,"",""
"base","ThinQFA",4,"speciesSelection","Species to be removed in this cut","",NA,NA,"",""
"base","ThinQFA",5,"numberBox","Value for Q-factor","1.4",NA,NA,"",""
"base","ThinQFA",6,"numberBox","Diameter class width in inches","2",NA,NA,"",""
"base","ThinQFA",7,"numberBox","Residual density for the diameter distribution and species specified","0",NA,NA,"",""
"base","ThinQFA",8,"listButton","Units for residual density","Basal area per acre",NA,NA,"Basal area per acre|Trees per acre|Stand Density Index",""
"base","ThinRDen",1,"scheduleBox","","",NA,NA,"",""
"base","ThinRDen",2,"numberBox","Residual Curtis' Relative Density (within specified DBH range)","0",NA,NA,"",""
"base","ThinRDen",3,"sliderBox","Cutting efficiency parameter specific to this thinning request","1",0,1,"",""
"base","ThinRDen",4,"speciesSelection","Species to be removed in this cut","",NA,NA,"",""
"base","ThinRDen",5,"numberBox","Smallest DBH to be considered for removal (greater than/equal)","0",NA,NA,"",""
"base","ThinRDen",6,"numberBox","Largest DBH to be considered for removal (less than)","999",NA,NA,"",""
"base","ThinRDen",7,"longListButton","Cutting control","Thin throughout the specified diameter range",NA,NA,"Thin throughout the specified diameter range|Thin from below in the specified diameter range|Thin from above in the specified diameter range",""
"base","ThinRDSL",1,"ne","","",NA,NA,"",""
"base","ThinRDSL",2,"ne","","",NA,NA,"","ne=ne"
"base","ThinRDSL",3,"ne","","",NA,NA,"","ne=ne"
"base","ThinRDSL",4,"ne","","",NA,NA,"",""
"base","ThinRDSL",5,"ne","","",NA,NA,"","ne=ne"
"base","ThinRDSL",6,"ne","","",NA,NA,"","ne=ne"
"base","ThinRDSL",7,"ne","","",NA,NA,"","ne=ne"
"base","ThinSDI",1,"scheduleBox","","",NA,NA,"",""
"base","ThinSDI",2,"numberBox","Residual stand density index (within specified DBH range)","0",NA,NA,"",""
"base","ThinSDI",3,"sliderBox","Cutting efficiency parameter specific to this thinning request","1",0,1,"",""
"base","ThinSDI",4,"speciesSelection","Species to be removed in this cut","",NA,NA,"",""
"base","ThinSDI",5,"numberBox","Smallest DBH to be considered for removal (greater than/equal)","0",NA,NA,"",""
"base","ThinSDI",6,"numberBox","Largest DBH to be considered for removal (less than)","999",NA,NA,"",""
"base","ThinSDI",7,"longListButton","Cutting control","Thin throughout the specified diameter range",NA,NA,"Thin throughout the specified diameter range|Thin from below in the specified diameter range|Thin from above in the specified diameter range",""
"base","TimeInt",1,"numberBox","FVS cycle number:","1 0 40",NA,NA,"",""
"base","TimeInt",2,"numberBox","Cycle length:","10 1 25",NA,NA,"","sn nc=sn nc"
"base","TopKill",1,"scheduleBox","","1",NA,NA,"",""
"base","TopKill",2,"speciesSelection","Species","",NA,NA,"",""
"base","TopKill",3,"numberBox","Shortest tree affected (greater than/equal)","0",NA,NA,"",""
"base","TopKill",4,"numberBox","Tallest tree affected (less than)","0",NA,NA,"",""
"base","TopKill",5,"sliderBox","Probability of damage occurring","0",0,1,"",""
"base","TopKill",6,"sliderBox","Average proportion of height lost to topkill","0",0,1,"",""
"base","TopKill",7,"numberBox","Standard deviation of the proportion height lost","0",NA,NA,"",""
"base","TreeData",1,"numberBox","Data set reference number for tree record input file","2",NA,NA,"",""
"base","TreeData",2,"listButton","Plot site descriptors input option","Plot site descriptors are not read",NA,NA,"Plot site descriptors are not read|Plot site descriptors are read",""
"base","TreeData",3,"numberBox","Lower DBH limit in inches","0",NA,NA,"",""
"base","TreeData",4,"numberBox","Upper DBH limit in inches","999",NA,NA,"",""
"base","TreeData",5,"speciesSelection","range applies","",NA,NA,"",""
"base","TreeFmt",1,"longTextEdit","line 1:","(",NA,NA,"",""
"base","TreeFmt",2,"longTextEdit","line 2:",")",NA,NA,"",""
"base","TreeList",1,"scheduleBox","","",NA,NA,"",""
"base","TreeList",2,"numberBox","Database reference number for the output tree record file","3",NA,NA,"",""
"base","TreeList",3,"longListButton","Heading option","Print heading that describes each table column",NA,NA,"Print heading that describes each table column|Print encoded (machine readable) header|Suppress all headings",""
"base","TreeList",4,"longListButton","Select for cycle 1 output.","Print output for the inventory year and end of cycle 1",NA,NA,"Print output for the inventory year and end of cycle 1|Print output only for the end of cycle 1|Print output only for the inventory year",""
"base","TreeList",5,"longListButton","Type of treelist","Treelist for live trees",NA,NA,"Treelist for live trees|Treelist for dead trees",""
"base","TreeList",6,"longListButton","Printing of diameter growth data for cycle 0","Print only input (measured) diameter growth rates",NA,NA,"Print only input (measured) diameter growth rates|Print both input and estimated diameter growth rates",""
"base","TreeSzCp",1,"speciesSelection","Species to which limits apply","",NA,NA,"",""
"base","TreeSzCp",2,"numberBox","Morphological maximum diameter for this species","999.0",NA,NA,"",""
"base","TreeSzCp",3,"sliderBox","Minumum proportion of the tree record that will be killed","1",0,1,"",""
"base","TreeSzCp",4,"longListButton","Maximum diameter use code","Use diameter for affecting both dbh growth and tree mortality",NA,NA,"Use diameter for affecting both dbh growth and tree mortality|Use diameter for affecting growth only|Use diameter for affecting tree mortality only",""
"base","TreeSzCp",5,"numberBox","Morphological maximum height for this species","999.0",NA,NA,"",""
"base","Volume",1,"scheduleBox","","",NA,NA,"",""
"base","Volume",2,"speciesSelection","Species whose limits are to be changed","",NA,NA,"",""
"base","Volume",3,"numberBox","Minimum DBH","blank",NA,NA,"",""
"base","Volume",4,"numberBox","Minimum top diameter","blank",NA,NA,"",""
"base","Volume",5,"numberBox","Stump height (feet)","blank",NA,NA,"",""
"base","Volume",6,"numberBox","Form class","blank",NA,NA,"",""
"base","Volume",7,"longListButton","Method of volume calculation","6 = National Volume Estimator library equations",NA,NA,"\|6 = National Volume Estimator library equations","ls cs ne=ls cs ne"
"base","Volume",8,"noInput","","blank",NA,NA,"",""
"base","Volume",9,"noInput","","blank",NA,NA,"",""
"base","Volume",10,"noInput","","blank",NA,NA,"",""
"base","YardLoss",1,"scheduleBox","","",NA,NA,"",""
"base","YardLoss",2,"sliderBox","Proportion of cut stems left in the stand.","0",0,1,"",""
"base","YardLoss",3,"sliderBox","Proportion of left stems that are down.","0",0,1,"",""
"base","YardLoss",4,"sliderBox","Proportion of branchwood left from removed stems.","1",0,1,"",""
"climate","AutoEstb",1,"scheduleBox","","",NA,NA,"",""
"climate","AutoEstb",2,"numberBox","Stocking threshold, a percentage of full stocking","40 0 100",NA,NA,"",""
"climate","AutoEstb",3,"numberBox","Number of trees per acre planted","500 0 10000",NA,NA,"",""
"climate","AutoEstb",4,"numberBox","Number of species to establish","4 1 200",NA,NA,"",""
"climate","ClimData",1,"longListButtonString","Pick a GCM/Scenario to use"," Ensemble_rcp60 = Our ensemble of 17 AR5 model predictions, scenario rcp60",NA,NA,"\|CGCM3_A1B = Canadian Center for Climate Modeling and Analysis, scenario A1B|CGCM3_A2 = Canadian Center for Climate Modeling and Analysis, scenario A2|CGCM3_B1 = Canadian Center for Climate Modeling and Analysis, scenario B1|GFDLCM21_A2 = Geophysical Fluid Dynamics Laboratory, scenario A2|GFDLCM21_B1 = Geophysical Fluid Dynamics Laboratory, scenario B1|HADCM3_A2 = Hadley Center/Met Office (UK), scenario A2|HADCM3_B2 = Hadley Center/Met Office (UK), scenario B2|CCSM4_rcp60 = The Community Earth System Model, scenario rcp60|GFDLCM3_rcp60 = Geophysical Fluid Dynamics Laboratory, scenario rcp6|HadGEM2ES_rcp60= Hadley Center/Met Office (UK), scenario rcp60|Ensemble_rcp45 = Our ensemble of 17 AR5 model predictions, scenario rcp45| Ensemble_rcp60 = Our ensemble of 17 AR5 model predictions, scenario rcp60|Ensemble_rcp85 = Our ensemble of 17 AR5 model predictions, scenario rcp85",""
"climate","ClimData",2,"fileBrowse","Enter the file name:","FVSClimAttrs.csv",NA,NA,"",""
"climate","GrowMult",1,"scheduleBox","","",NA,NA,"",""
"climate","GrowMult",2,"speciesSelection","Species to adjust","",NA,NA,"",""
"climate","GrowMult",3,"sliderBox","Adjustment factor","1",0,3,"",""
"climate","MortMult",1,"scheduleBox","","",NA,NA,"",""
"climate","MortMult",2,"speciesSelection","Species to adjust","",NA,NA,"",""
"climate","MortMult",3,"sliderBox","Multiplier applied to viability-related mortality","1",0,3,"",""
"climate","MortMult",4,"sliderBox","Multiplier applied to mortality due to climate change magnitude (dClim rule)","1",0,3,"",""
"climate","MxDenMlt",1,"scheduleBox","","",NA,NA,"",""
"climate","MxDenMlt",2,"sliderBox","Proportion of climate-caused change in maximum density","1",0,3,"",""
"climate","SetAttr",1,"longTextEdit","The attribute in the Climate file. (Character string is case sensitive)","",NA,NA,"",""
"climate","SetAttr",2,"numberBox","The replacement value for the first row of the data.","blank",NA,NA,"",""
"climate","SetAttr",3,"numberBox","The replacement value for the second row of the data.","blank",NA,NA,"",""
"climate","SetAttr",4,"numberBox","The replacement value for the third row of the data.","blank",NA,NA,"",""
"climate","SetAttr",5,"numberBox","The replacement value for the fourth row of the data.","blank",NA,NA,"",""
"cover","Cover",1,"scheduleBox","","",NA,NA,"",""
"cover","Cover",2,"numberBox","Dataset reference number for Cover output.","16",NA,NA,"",""
"cover","ShowShrb",1,"listButtonString","Understory species:","ACGL",NA,NA,"ACGL|ALSI|AMAL|ARUV|BERB|CARX|CESA|CEVE|COST|FERN|HODI|LIBO|LONI|MEFE|PAMY|PHMA|PREM|PRVI|RIBE|ROSA|RUPA|SALX|SAMB|SHCA|SORB|SPBE|SYMP|VAME|VASC|XETE|COMB",""
"cover","ShowShrb",2,"listButtonString","Understory species:","ACGL",NA,NA,"ACGL|ALSI|AMAL|ARUV|BERB|CARX|CESA|CEVE|COST|FERN|HODI|LIBO|LONI|MEFE|PAMY|PHMA|PREM|PRVI|RIBE|ROSA|RUPA|SALX|SAMB|SHCA|SORB|SPBE|SYMP|VAME|VASC|XETE|COMB",""
"cover","ShowShrb",3,"listButtonString","Understory species:","ACGL",NA,NA,"ACGL|ALSI|AMAL|ARUV|BERB|CARX|CESA|CEVE|COST|FERN|HODI|LIBO|LONI|MEFE|PAMY|PHMA|PREM|PRVI|RIBE|ROSA|RUPA|SALX|SAMB|SHCA|SORB|SPBE|SYMP|VAME|VASC|XETE|COMB",""
"cover","ShowShrb",4,"listButtonString","Understory species:","ACGL",NA,NA,"ACGL|ALSI|AMAL|ARUV|BERB|CARX|CESA|CEVE|COST|FERN|HODI|LIBO|LONI|MEFE|PAMY|PHMA|PREM|PRVI|RIBE|ROSA|RUPA|SALX|SAMB|SHCA|SORB|SPBE|SYMP|VAME|VASC|XETE|COMB",""
"cover","ShowShrb",5,"listButtonString","Understory species:","ACGL",NA,NA,"ACGL|ALSI|AMAL|ARUV|BERB|CARX|CESA|CEVE|COST|FERN|HODI|LIBO|LONI|MEFE|PAMY|PHMA|PREM|PRVI|RIBE|ROSA|RUPA|SALX|SAMB|SHCA|SORB|SPBE|SYMP|VAME|VASC|XETE|COMB",""
"cover","ShowShrb",6,"listButtonString","Understory species:","ACGL",NA,NA,"ACGL|ALSI|AMAL|ARUV|BERB|CARX|CESA|CEVE|COST|FERN|HODI|LIBO|LONI|MEFE|PAMY|PHMA|PREM|PRVI|RIBE|ROSA|RUPA|SALX|SAMB|SHCA|SORB|SPBE|SYMP|VAME|VASC|XETE|COMB",""
"cover","ShrbLayr",1,"sliderBox","Average height of shrub layer 1, in feet.","0",50,0,"",""
"cover","ShrbLayr",2,"sliderBox","Percentage of cover of shrub layer 1.","0",100,0,"",""
"cover","ShrbLayr",3,"sliderBox","Average height of shrub layer 2, in feet.","0",50,0,"",""
"cover","ShrbLayr",4,"sliderBox","Percentage of cover of shrub layer 2.","0",100,0,"",""
"cover","ShrbLayr",5,"sliderBox","Average height of shrub layer 3, in feet.","0",50,0,"",""
"cover","ShrbLayr",6,"sliderBox","Percentage of cover of shrub layer 3.","0",100,0,"",""
"cover","ShrubHt",1,"sliderBox","Average height (ft) of ACGL, Rocky Mountain maple","0",0,25,"",""
"cover","ShrubHt",2,"sliderBox","Average height (ft) of ALSI, Sitka alder","0",0,25,"",""
"cover","ShrubHt",3,"sliderBox","Average height (ft) of AMAL, Serviceberry","0",0,25,"",""
"cover","ShrubHt",4,"sliderBox","Average height (ft) of ARUV, Kinnikinnick","0",0,25,"",""
"cover","ShrubHt",5,"sliderBox","Average height (ft) of BERB, Oregon grape","0",0,25,"",""
"cover","ShrubHt",6,"sliderBox","Average height (ft) of CARX, Carex spp.","0",0,25,"",""
"cover","ShrubHt",7,"sliderBox","Average height (ft) of CESA, Redstem ceanothus","0",0,25,"",""
"cover","ShrubHt",8,"sliderBox","Average height (ft) of CEVE, Shinyleaf ceanothus","0",0,25,"",""
"cover","ShrubHt",9,"sliderBox","Average height (ft) of COST, Red-osier dogwood","0",0,25,"",""
"cover","ShrubHt",10,"sliderBox","Average height (ft) of FERN, Fern","0",0,25,"",""
"cover","ShrubHt",11,"sliderBox","Average height (ft) of HODI, Ocean-spray","0",0,25,"",""
"cover","ShrubHt",12,"sliderBox","Average height (ft) of LIBO, Twinflower","0",0,25,"",""
"cover","ShrubHt",13,"sliderBox","Average height (ft) of LONI, Honeysuckle","0",0,25,"",""
"cover","ShrubHt",14,"sliderBox","Average height (ft) of MEFE, Menziesia","0",0,25,"",""
"cover","ShrubHt",15,"sliderBox","Average height (ft) of PAMY, Pachistima","0",0,25,"",""
"cover","ShrubHt",16,"sliderBox","Average height (ft) of PHMA, Ninebark","0",0,25,"",""
"cover","ShrubHt",17,"sliderBox","Average height (ft) of PREM, Bittercherry","0",0,25,"",""
"cover","ShrubHt",18,"sliderBox","Average height (ft) of PRVI, Common chokecherry","0",0,25,"",""
"cover","ShrubHt",19,"sliderBox","Average height (ft) of RIBE, Currant","0",0,25,"",""
"cover","ShrubHt",20,"sliderBox","Average height (ft) of ROSA, Rose","0",0,25,"",""
"cover","ShrubHt",21,"sliderBox","Average height (ft) of RUPA, Thimbleberry","0",0,25,"",""
"cover","ShrubHt",22,"sliderBox","Average height (ft) of SALX, Willow","0",0,25,"",""
"cover","ShrubHt",23,"sliderBox","Average height (ft) of SAMB, Elderberry","0",0,25,"",""
"cover","ShrubHt",24,"sliderBox","Average height (ft) of SHCA, Russett buffaloberry","0",0,25,"",""
"cover","ShrubHt",25,"sliderBox","Average height (ft) of SORB, Mountain-ash","0",0,25,"",""
"cover","ShrubHt",26,"sliderBox","Average height (ft) of SPBE, Shinyleaf spirea","0",0,25,"",""
"cover","ShrubHt",27,"sliderBox","Average height (ft) of SYMP, Snowberry","0",0,25,"",""
"cover","ShrubHt",28,"sliderBox","Average height (ft) of VAME, Big & Globe huckleberry","0",0,25,"",""
"cover","ShrubHt",29,"sliderBox","Average height (ft) of VASC, Grouse whortleberry","0",0,25,"",""
"cover","ShrubHt",30,"sliderBox","Average height (ft) of XETE, Common beargrass","0",0,25,"",""
"cover","ShrubHt",31,"sliderBox","Average height (ft) of COMB, Other shrubs combined","0",0,25,"",""
"cover","ShrubPC",1,"sliderBox","Percent cover of ACGL, Rocky Mountain maple","0",0,100,"",""
"cover","ShrubPC",2,"sliderBox","Percent cover of ALSI, Sitka alder","0",0,100,"",""
"cover","ShrubPC",3,"sliderBox","Percent cover of AMAL, Serviceberry","0",0,100,"",""
"cover","ShrubPC",4,"sliderBox","Percent cover of ARUV, Kinnikinnick","0",0,100,"",""
"cover","ShrubPC",5,"sliderBox","Percent cover of BERB, Oregon grape","0",0,100,"",""
"cover","ShrubPC",6,"sliderBox","Percent cover of CARX, Carex spp.","0",0,100,"",""
"cover","ShrubPC",7,"sliderBox","Percent cover of CESA, Redstem ceanothus","0",0,100,"",""
"cover","ShrubPC",8,"sliderBox","Percent cover of CEVE, Shinyleaf ceanothus","0",0,100,"",""
"cover","ShrubPC",9,"sliderBox","Percent cover of COST, Red-osier dogwood","0",0,100,"",""
"cover","ShrubPC",10,"sliderBox","Percent cover of FERN, Fern","0",0,100,"",""
"cover","ShrubPC",11,"sliderBox","Percent cover of HODI, Ocean-spray","0",0,100,"",""
"cover","ShrubPC",12,"sliderBox","Percent cover of LIBO, Twinflower","0",0,100,"",""
"cover","ShrubPC",13,"sliderBox","Percent cover of LONI, Honeysuckle","0",0,100,"",""
"cover","ShrubPC",14,"sliderBox","Percent cover of MEFE, Menziesia","0",0,100,"",""
"cover","ShrubPC",15,"sliderBox","Percent cover of PAMY, Pachistima","0",0,100,"",""
"cover","ShrubPC",16,"sliderBox","Percent cover of PHMA, Ninebark","0",0,100,"",""
"cover","ShrubPC",17,"sliderBox","Percent cover of PREM, Bittercherry","0",0,100,"",""
"cover","ShrubPC",18,"sliderBox","Percent cover of PRVI, Common chokecherry","0",0,100,"",""
"cover","ShrubPC",19,"sliderBox","Percent cover of RIBE, Currant","0",0,100,"",""
"cover","ShrubPC",20,"sliderBox","Percent cover of ROSA, Rose","0",0,100,"",""
"cover","ShrubPC",21,"sliderBox","Percent cover of RUPA, Thimbleberry","0",0,100,"",""
"cover","ShrubPC",22,"sliderBox","Percent cover of SALX, Willow","0",0,100,"",""
"cover","ShrubPC",23,"sliderBox","Percent cover of SAMB, Elderberry","0",0,100,"",""
"cover","ShrubPC",24,"sliderBox","Percent cover of SHCA, Russett buffaloberry","0",0,100,"",""
"cover","ShrubPC",25,"sliderBox","Percent cover of SORB, Mountain-ash","0",0,100,"",""
"cover","ShrubPC",26,"sliderBox","Percent cover of SPBE, Shinyleaf spirea","0",0,100,"",""
"cover","ShrubPC",27,"sliderBox","Percent cover of SYMP, Snowberry","0",0,100,"",""
"cover","ShrubPC",28,"sliderBox","Percent cover of VAME, Big & Globe huckleberry","0",0,100,"",""
"cover","ShrubPC",29,"sliderBox","Percent cover of VASC, Grouse whortleberry","0",0,100,"",""
"cover","ShrubPC",30,"sliderBox","Percent cover of XETE, Common beargrass","0",0,100,"",""
"cover","ShrubPC",31,"sliderBox","Percent cover of COMB, Other shrubs combined","0",0,100,"",""
"cover","Shrubs",1,"sliderBox","Time (years) since stand disturbance","3",0,40,"",""
"cover","Shrubs",2,"longListButton","Habitat type for processing shrub options","210:PSME-AGSP Pseudotsuga menziesii/Agropyron spicatum",NA,NA,"210:PSME-AGSP Pseudotsuga menziesii/Agropyron spicatum|220:PSME-FEID Pseudotsuga menziesii/Festuca idahoensis|260:PSME-PHMA Pseudotsuga menziesii/Physocarpus malvaceus|310:PSME-SYAL Pseudotsuga menziesii/Symphoricarpos albus|320:PSME-CARU Pseudotsuga menziesii/Calamagrostis rubescens|330:PSME-CAGE Pseudotsuga menziesii/Carex geyeri|340:PSME-SPBE Pseudotsuga menziesii/Spiraea betulifolia|380:PSME-SYOR Pseudotsuga menziesii/Symphoricarpos oreophilus|390:PSME-ACGL Pseudotsuga menziesii/Acer glabrum|395:PSME-BERE Pseudotsuga menziesii/Berberis repens|505:ABGR-SPBE Abies grandis/Spiraea betulifolia|510:ABGR-XETE Abies grandis/Xerophyllum tenax|511:ABGR-COOC Abies grandis/Coptis occidentalis|515:ABGR-VAGL Abies grandis/Vaccinium globulare|520:ABGR-CLUN Abies grandis/Clintonia uniflora|525:ABGR-ACGL Abies grandis/Acer glabrum|590:ABGR-LIBO Abies grandis/Linnaea borealis|530:THPL-CLUN Thuja plicata/Clintonia uniflora|540:THPL-ATFI Thuja plicata/Athyrium filix-femina|550:THPL-OPHO Thuja plicata/Oplopanax horridurn|570:TSHE-CLUN Tsuga heterophylla/Clintonia uniflora|620:ABLA-CLUN Abies lasiocarpa/Clintonia uniflora|635:ABLA-STAM Abies Iasiocarpa/Streptopus amplexifolius|645:ABLA-ACGL Abies lasiocarpa/Acer glabrum|650:ABLA-CACA Abies Iasiocarpa/Calamagrostis canadensis|670:ABLA-MEFE Abies lasiocarpa/Menziesia ferruginea|690:ABLA-XETE Abies lasiocarpa/Xerophyllum tenax|705:ABLA-SPBE Abies Iasiocarpa/Epiraea betulifolia|710:TSME-XETE Tsuga mertensiana/Xerophyllum tenax|720:ABLA-VAGL Abies Iasiocarpa/Vaccinium globulare|721:ABLA-VAGL Abies Iasiocarpa/Vaccinium globulare, Vaccinium|730:ABLA-VASC Abies Iasiocarpa/Vaccinium scoparium|790:ABLA-CAGE Abies lasiocarpa/Carex geyeri|830:ABLA-LUHI Abies lasiocarpa/Luzula hitchcockii",""
"cover","Shrubs",3,"listButton","Physiographic type code"," Lower slope",NA,NA,"Bottom| Lower slope|Midslope|Upper slope|Ridge",""
"cover","Shrubs",4,"listButton","Disturbance type code","None",NA,NA,"None|Mechanical|Burn|Road",""
"dbs","ATRTLiDB",1,"listButtonString","Build the FVS_ATRTList table","2 = Database table only.",NA,NA,"1 = Both database and standard output.|2 = Database table only.",""
"dbs","ATRTLiDB",2,"listButtonString","Species Codes Output","0 = Default (based on input data)",NA,NA,"0 = Default (based on input data)|1 = FVS Alpha Codes|2 = FIA Codes|3 = USDA Plants Symbols",""
"dbs","BurnReDB",1,"listButtonString","Build FVS_BurnReport table","2 = Database table only.",NA,NA,"1 = Both database and standard output.|2 = Database table only.",""
"dbs","CarbReDB",1,"listButtonString","Build the 2 carbon tables.","2 = Database table only.",NA,NA,"1 = Both database and standard output.|2 = Database table only.",""
"dbs","ComputDB",1,"listButtonString","Add new variables to existing table:","0 = Yes",NA,NA,"0 = Yes|1 = No",""
"dbs","ComputDB",2,"listButtonString","Include variables starting with underscore:","0 = No",NA,NA,"0 = No|1 = Yes",""
"dbs","CutLiDB",1,"listButtonString","Build the FVS_CutList table","2 = Database table only.",NA,NA,"1 = Both database and standard output.|2 = Database table only.",""
"dbs","CutLiDB",2,"listButtonString","Species Codes Output","0 = Default (based on input data)",NA,NA,"0 = Default (based on input data)|1 = FVS Alpha Codes|2 = FIA Codes|3 = USDA Plants Symbols",""
"dbs","DSNIn",1,"fileBrowse","Username, and Password for the input connection","FVSIn.mdb",NA,NA,"",""
"dbs","DSNOut",1,"fileBrowse","Username, and Password for the output connection","FVSOut.xls",NA,NA,"",""
"dbs","DWDCvDB",1,"listButtonString","Build FVS_Down_Wood_Cov table","2 = Database table only.",NA,NA,"1 = Both database and standard output.|2 = Database table only.",""
"dbs","DWDVlDB",1,"listButtonString","Build FVS_Down_Wood_Vol table","2 = Database table only.",NA,NA,"1 = Both database and standard output.|2 = Database table only.",""
"dbs","EconRpts",1,"listButtonString","Build DBS FVS_EconReport table(s)","2 = Econ DBS summary and harvest volume/value outputs.",NA,NA,"1 = Econ summary DBS output only.|2 = Econ DBS summary and harvest volume/value outputs.",""
"dbs","EconRpts",2,"listButtonString","Species Codes Output","0 = Default (based on input data)",NA,NA,"0 = Default (based on input data)|1 = FVS Alpha Codes|2 = FIA Codes|3 = USDA Plants Symbols",""
"dbs","FuelReDB",1,"listButtonString","Build FVS_Consumption table","2 = Database table only.",NA,NA,"1 = Both database and standard output.|2 = Database table only.",""
"dbs","FuelsOut",1,"listButtonString","Build FVS_Fuels table","2 = Database table only.",NA,NA,"1 = Both database and standard output.|2 = Database table only.",""
"dbs","MisRpts",1,"listButtonString","Build the 3 mistletoe tables","2 = Database table only.",NA,NA,"1 = Both database and standard output.|2 = Database table only.",""
"dbs","MortReDB",1,"listButtonString","Build FVS_Mortality table","2 = Database table only.",NA,NA,"1 = Both database and standard output.|2 = Database table only.",""
"dbs","MortReDB",2,"listButtonString","Species Codes Output","0 = Default (based on input data)",NA,NA,"0 = Default (based on input data)|1 = FVS Alpha Codes|2 = FIA Codes|3 = USDA Plants Symbols",""
"dbs","PotFirDB",1,"listButtonString","Build FVS_PotFire table","2 = Database table only.",NA,NA,"1 = Both database and standard output.|2 = Database table only.",""
"dbs","SnagOuDB",1,"listButtonString","Build FVS_SnagDet table","2 = Database table only.",NA,NA,"1 = Both database and standard output.|2 = Database table only.",""
"dbs","SnagOuDB",2,"listButtonString","Species Codes Output","0 = Default (based on input data)",NA,NA,"0 = Default (based on input data)|1 = FVS Alpha Codes|2 = FIA Codes|3 = USDA Plants Symbols",""
"dbs","SnagSuDB",1,"listButtonString","Build FVS_SnagSum table","2 = Database table only.",NA,NA,"1 = Both database and standard output.|2 = Database table only.",""
"dbs","SQLIn",1,"scheduleBox","","",NA,NA,"",""
"dbs","SQLIn",2,"noInput","Press ""Use Editor""","",NA,NA,"",""
"dbs","SQLOut",1,"scheduleBox","","",NA,NA,"",""
"dbs","SQLOut",2,"noInput","Press ""Use Editor""","",NA,NA,"",""
"dbs","StandSQL",1,"noInput","Press ""Use Editor""","",NA,NA,"",""
"dbs","StrClsDB",1,"listButtonString","Build FVS_StrClass table","2 = Database table only.",NA,NA,"1 = Both database and standard output.|2 = Database table only.",""
"dbs","Summary",1,"listButtonString","Build FVS_Summary or FVS_Summary2 table","2 = Build FVS_Summary2 table.",NA,NA,"1 = Build FVS_Summary table.|2 = Build FVS_Summary2 table.",""
"dbs","TreeLiDB",1,"listButtonString","Build the FVS_Treelist table","2 = Database table only.",NA,NA,"1 = Both database and standard output.|2 = Database table only.",""
"dbs","TreeLiDB",2,"listButtonString","Species Codes Output","0 = Default (based on input data)",NA,NA,"0 = Default (based on input data)|1 = FVS Alpha Codes|2 = FIA Codes|3 = USDA Plants Symbols",""
"dbs","TreeSQL",1,"noInput","Press ""Use Editor""","",NA,NA,"",""
"econ","AnnuCst",1,"numberBox","Current (today's) per-acre annual cost:","",NA,NA,"",""
"econ","AnnuCst",2,"textEdit","Cost label (10 characters):","AnnualCost",NA,NA,"",""
"econ","AnnuCst",3,"numberBox","Value rate change in percent for specified cost:","0 -100 100",NA,NA,"",""
"econ","AnnuCst",4,"intNumberBox","Duration of value rate in years:","0 0 100",NA,NA,"",""
"econ","AnnuCst",5,"numberBox","Value rate change in percent for specified cost:","0 -100 100",NA,NA,"",""
"econ","AnnuCst",6,"intNumberBox","Duration of value rate in years:","0 0 100",NA,NA,"",""
"econ","AnnuCst",7,"numberBox","Value rate change in percent for specified cost:","0 -100 100",NA,NA,"",""
"econ","AnnuCst",8,"intNumberBox","Duration of value rate in years:","0 0 100",NA,NA,"",""
"econ","AnnuCst",9,"numberBox","Value rate change in percent for specified cost:","0 -100 100",NA,NA,"",""
"econ","AnnuCst",10,"intNumberBox","Duration of value rate in years:","0 0 100",NA,NA,"",""
"econ","AnnuCst",11,"numberBox","Value rate change in percent for specified cost:","0 -100 100",NA,NA,"",""
"econ","AnnuCst",12,"intNumberBox","Duration of value rate in years:","0 0 100",NA,NA,"",""
"econ","AnnuCst",13,"numberBox","Value rate change in percent for specified cost:","0 -100 100",NA,NA,"",""
"econ","AnnuCst",14,"intNumberBox","Duration of value rate in years:","0 0 100",NA,NA,"",""
"econ","AnnuCst",15,"numberBox","Value rate change in percent for specified cost:","0 -100 100",NA,NA,"",""
"econ","AnnuCst",16,"intNumberBox","Duration of value rate in years:","0 0 100",NA,NA,"",""
"econ","AnnuCst",17,"numberBox","Value rate change in percent for specified cost:","0 -100 100",NA,NA,"",""
"econ","AnnuCst",18,"intNumberBox","Duration of value rate in years:","0 0 100",NA,NA,"",""
"econ","AnnuRvn",1,"numberBox","Current (today's) per-acre annual revenue:","",NA,NA,"",""
"econ","AnnuRvn",2,"textEdit","Revenue label (10 characters):","AnnualRevn",NA,NA,"",""
"econ","AnnuRvn",3,"numberBox","Value rate change in percent for specified revenue:","0 -100 100",NA,NA,"",""
"econ","AnnuRvn",4,"intNumberBox","Duration of value rate in years:","0 0 100",NA,NA,"",""
"econ","AnnuRvn",5,"numberBox","Value rate change in percent for specified revenue:","0 -100 100",NA,NA,"",""
"econ","AnnuRvn",6,"intNumberBox","Duration of value rate in years:","0 0 100",NA,NA,"",""
"econ","AnnuRvn",7,"numberBox","Value rate change in percent for specified revenue:","0 -100 100",NA,NA,"",""
"econ","AnnuRvn",8,"intNumberBox","Duration of value rate in years:","0 0 100",NA,NA,"",""
"econ","AnnuRvn",9,"numberBox","Value rate change in percent for specified revenue:","0 -100 100",NA,NA,"",""
"econ","AnnuRvn",10,"intNumberBox","Duration of value rate in years:","0 0 100",NA,NA,"",""
"econ","AnnuRvn",11,"numberBox","Value rate change in percent for specified revenue:","0 -100 100",NA,NA,"",""
"econ","AnnuRvn",12,"intNumberBox","Duration of value rate in years:","0 0 100",NA,NA,"",""
"econ","AnnuRvn",13,"numberBox","Value rate change in percent for specified revenue:","0 -100 100",NA,NA,"",""
"econ","AnnuRvn",14,"intNumberBox","Duration of value rate in years:","0 0 100",NA,NA,"",""
"econ","AnnuRvn",15,"numberBox","Value rate change in percent for specified revenue:","0 -100 100",NA,NA,"",""
"econ","AnnuRvn",16,"intNumberBox","Duration of value rate in years:","0 0 100",NA,NA,"",""
"econ","AnnuRvn",17,"numberBox","Value rate change in percent for specified revenue:","0 -100 100",NA,NA,"",""
"econ","AnnuRvn",18,"intNumberBox","Duration of value rate in years:","0 0 100",NA,NA,"",""
"econ","BurnCst",1,"numberBox","Current (today's) per-acre burn cost:","",NA,NA,"",""
"econ","BurnCst",2,"numberBox","Value rate change in percent for specified cost:","0 -100 100",NA,NA,"",""
"econ","BurnCst",3,"intNumberBox","Duration of value rate in years:","0 0 100",NA,NA,"",""
"econ","BurnCst",4,"numberBox","Value rate change in percent for specified cost:","0 -100 100",NA,NA,"",""
"econ","BurnCst",5,"intNumberBox","Duration of value rate in years:","0 0 100",NA,NA,"",""
"econ","BurnCst",6,"numberBox","Value rate change in percent for specified cost:","0 -100 100",NA,NA,"",""
"econ","BurnCst",7,"intNumberBox","Duration of value rate in years:","0 0 100",NA,NA,"",""
"econ","BurnCst",8,"numberBox","Value rate change in percent for specified cost:","0 -100 100",NA,NA,"",""
"econ","BurnCst",9,"intNumberBox","Duration of value rate in years:","0 0 100",NA,NA,"",""
"econ","BurnCst",10,"numberBox","Value rate change in percent for specified cost:","0 -100 100",NA,NA,"",""
"econ","BurnCst",11,"intNumberBox","Duration of value rate in years:","0 0 100",NA,NA,"",""
"econ","BurnCst",12,"numberBox","Value rate change in percent for specified cost:","0 -100 100",NA,NA,"",""
"econ","BurnCst",13,"intNumberBox","Duration of value rate in years:","0 0 100",NA,NA,"",""
"econ","BurnCst",14,"numberBox","Value rate change in percent for specified cost:","0 -100 100",NA,NA,"",""
"econ","BurnCst",15,"intNumberBox","Duration of value rate in years:","0 0 100",NA,NA,"",""
"econ","BurnCst",16,"numberBox","Value rate change in percent for specified cost:","0 -100 100",NA,NA,"",""
"econ","BurnCst",17,"intNumberBox","Duration of value rate in years:","0 0 100",NA,NA,"",""
"econ","HrvFxCst",1,"numberBox","Current (today's) per acre harvest cost:","",NA,NA,"",""
"econ","HrvFxCst",2,"textEdit","Cost label (10 characters):","HrvCost/Ac",NA,NA,"",""
"econ","HrvFxCst",3,"numberBox","Value rate change in percent for specified cost:","0 -100 100",NA,NA,"",""
"econ","HrvFxCst",4,"intNumberBox","Duration of value rate in years:","0 0 100",NA,NA,"",""
"econ","HrvFxCst",5,"numberBox","Value rate change in percent for specified cost:","0 -100 100",NA,NA,"",""
"econ","HrvFxCst",6,"intNumberBox","Duration of value rate in years:","0 0 100",NA,NA,"",""
"econ","HrvFxCst",7,"numberBox","Value rate change in percent for specified cost:","0 -100 100",NA,NA,"",""
"econ","HrvFxCst",8,"intNumberBox","Duration of value rate in years:","0 0 100",NA,NA,"",""
"econ","HrvFxCst",9,"numberBox","Value rate change in percent for specified cost:","0 -100 100",NA,NA,"",""
"econ","HrvFxCst",10,"intNumberBox","Duration of value rate in years:","0 0 100",NA,NA,"",""
"econ","HrvFxCst",11,"numberBox","Value rate change in percent for specified cost:","0 -100 100",NA,NA,"",""
"econ","HrvFxCst",12,"intNumberBox","Duration of value rate in years:","0 0 100",NA,NA,"",""
"econ","HrvFxCst",13,"numberBox","Value rate change in percent for specified cost:","0 -100 100",NA,NA,"",""
"econ","HrvFxCst",14,"intNumberBox","Duration of value rate in years:","0 0 100",NA,NA,"",""
"econ","HrvFxCst",15,"numberBox","Value rate change in percent for specified cost:","0 -100 100",NA,NA,"",""
"econ","HrvFxCst",16,"intNumberBox","Duration of value rate in years:","0 0 100",NA,NA,"",""
"econ","HrvFxCst",17,"numberBox","Value rate change in percent for specified cost:","0 -100 100",NA,NA,"",""
"econ","HrvFxCst",18,"intNumberBox","Duration of value rate in years:","0 0 100",NA,NA,"",""
"econ","HrvRvn",1,"numberBox","Current (today's) price for unit-of-measure, diameter, and species.","0",NA,NA,"",""
"econ","HrvRvn",2,"listButtonString","Unit-of-measure for the specified price:","4 = 1000 board-feet/acre for harvested logs",NA,NA,"1 = tree/acre harvested|2 = 1000 board-feet/acre for harvested trees|3 = 100 cubic-feet/acre for harvested trees|4 = 1000 board-feet/acre for harvested logs|5 = 100 cubic-feet/acre for harvested logs",""
"econ","HrvRvn",3,"numberBox","Minimum tree DBH or log DIB for the specified price:","0",NA,NA,"",""
"econ","HrvRvn",4,"speciesSelection","Species for the specified price:","",NA,NA,"",""
"econ","HrvRvn",5,"numberBox","Value rate change in percent for specified price:","0 -100 100",NA,NA,"",""
"econ","HrvRvn",6,"intNumberBox","Duration of value rate in years:","0 0 100",NA,NA,"",""
"econ","HrvRvn",7,"numberBox","Value rate change in percent for specified price:","0 -100 100",NA,NA,"",""
"econ","HrvRvn",8,"intNumberBox","Duration of value rate in years:","0 0 100",NA,NA,"",""
"econ","HrvRvn",9,"numberBox","Value rate change in percent for specified price:","0 -100 100",NA,NA,"",""
"econ","HrvRvn",10,"intNumberBox","Duration of value rate in years:","0 0 100",NA,NA,"",""
"econ","HrvRvn",11,"numberBox","Value rate change in percent for specified price:","0 -100 100",NA,NA,"",""
"econ","HrvRvn",12,"intNumberBox","Duration of value rate in years:","0 0 100",NA,NA,"",""
"econ","HrvRvn",13,"numberBox","Value rate change in percent for specified price:","0 -100 100",NA,NA,"",""
"econ","HrvRvn",14,"intNumberBox","Duration of value rate in years:","0 0 100",NA,NA,"",""
"econ","HrvRvn",15,"numberBox","Value rate change in percent for specified price:","0 -100 100",NA,NA,"",""
"econ","HrvRvn",16,"intNumberBox","Duration of value rate in years:","0 0 100",NA,NA,"",""
"econ","HrvRvn",17,"numberBox","Value rate change in percent for specified price:","0 -100 100",NA,NA,"",""
"econ","HrvRvn",18,"intNumberBox","Duration of value rate in years:","0 0 100",NA,NA,"",""
"econ","HrvRvn",19,"numberBox","Value rate change in percent for specified price:","0 -100 100",NA,NA,"",""
"econ","HrvRvn",20,"intNumberBox","Duration of value rate in years:","0 0 100",NA,NA,"",""
"econ","HrvVrCst",1,"numberBox","Current (today's) cost per unit-of-measure and tree DBH:","",NA,NA,"",""
"econ","HrvVrCst",2,"listButtonString","Unit of measure:","2 = 1000 board-feet/acre",NA,NA,"1 = tree/acre harvested|2 = 1000 board-feet/acre|3 = 100 cubic-feet/acre",""
"econ","HrvVrCst",3,"numberBox","Smallest tree DBH to which cost applies (greater than/equal):","0",NA,NA,"",""
"econ","HrvVrCst",4,"numberBox","Largest tree DBH to which cost applies (less than):","999",NA,NA,"",""
"econ","HrvVrCst",5,"numberBox","Value rate change in percent for specified cost:","0 -100 100",NA,NA,"",""
"econ","HrvVrCst",6,"intNumberBox","Duration of value rate in years:","0 0 100",NA,NA,"",""
"econ","HrvVrCst",7,"numberBox","Value rate change in percent for specified cost:","0 -100 100",NA,NA,"",""
"econ","HrvVrCst",8,"intNumberBox","Duration of value rate in years:","0 0 100",NA,NA,"",""
"econ","HrvVrCst",9,"numberBox","Value rate change in percent for specified cost:","0 -100 100",NA,NA,"",""
"econ","HrvVrCst",10,"intNumberBox","Duration of value rate in years:","0 0 100",NA,NA,"",""
"econ","HrvVrCst",11,"numberBox","Value rate change in percent for specified cost:","0 -100 100",NA,NA,"",""
"econ","HrvVrCst",12,"intNumberBox","Duration of value rate in years:","0 0 100",NA,NA,"",""
"econ","HrvVrCst",13,"numberBox","Value rate change in percent for specified cost:","0 -100 100",NA,NA,"",""
"econ","HrvVrCst",14,"intNumberBox","Duration of value rate in years:","0 0 100",NA,NA,"",""
"econ","HrvVrCst",15,"numberBox","Value rate change in percent for specified cost:","0 -100 100",NA,NA,"",""
"econ","HrvVrCst",16,"intNumberBox","Duration of value rate in years:","0 0 100",NA,NA,"",""
"econ","HrvVrCst",17,"numberBox","Value rate change in percent for specified cost:","0 -100 100",NA,NA,"",""
"econ","HrvVrCst",18,"intNumberBox","Duration of value rate in years:","0 0 100",NA,NA,"",""
"econ","HrvVrCst",19,"numberBox","Value rate change in percent for specified cost:","0 -100 100",NA,NA,"",""
"econ","HrvVrCst",20,"intNumberBox","Duration of value rate in years:","0 0 100",NA,NA,"",""
"econ","LbsCfv",1,"numberBox","Conversion factor for one harvested cubic foot of volume to pounds:","",NA,NA,"",""
"econ","LbsCfv",2,"speciesSelection","Species for which the conversion factor applies:","",NA,NA,"",""
"econ","MechCst",1,"numberBox","Current (today's) per acre mechanical site prep cost:","",NA,NA,"",""
"econ","MechCst",2,"numberBox","Value rate change in percent for specified cost:","0 -100 100",NA,NA,"",""
"econ","MechCst",3,"intNumberBox","Duration of value rate in years:","0 0 100",NA,NA,"",""
"econ","MechCst",4,"numberBox","Value rate change in percent for specified cost:","0 -100 100",NA,NA,"",""
"econ","MechCst",5,"intNumberBox","Duration of value rate in years:","0 0 100",NA,NA,"",""
"econ","MechCst",6,"numberBox","Value rate change in percent for specified cost:","0 -100 100",NA,NA,"",""
"econ","MechCst",7,"intNumberBox","Duration of value rate in years:","0 0 100",NA,NA,"",""
"econ","MechCst",8,"numberBox","Value rate change in percent for specified cost:","0 -100 100",NA,NA,"",""
"econ","MechCst",9,"intNumberBox","Duration of value rate in years:","0 0 100",NA,NA,"",""
"econ","MechCst",10,"numberBox","Value rate change in percent for specified cost:","0 -100 100",NA,NA,"",""
"econ","MechCst",11,"intNumberBox","Duration of value rate in years:","0 0 100",NA,NA,"",""
"econ","MechCst",12,"numberBox","Value rate change in percent for specified cost:","0 -100 100",NA,NA,"",""
"econ","MechCst",13,"intNumberBox","Duration of value rate in years:","0 0 100",NA,NA,"",""
"econ","MechCst",14,"numberBox","Value rate change in percent for specified cost:","0 -100 100",NA,NA,"",""
"econ","MechCst",15,"intNumberBox","Duration of value rate in years:","0 0 100",NA,NA,"",""
"econ","MechCst",16,"numberBox","Value rate change in percent for specified cost:","0 -100 100",NA,NA,"",""
"econ","MechCst",17,"intNumberBox","Duration of value rate in years:","0 0 100",NA,NA,"",""
"econ","NoTable",1,"longListButton","Econ output suppression:","2 = Suppress Harvest Volume and Gross Value Table",NA,NA,"1 = Suppress all Econ output|2 = Suppress Harvest Volume and Gross Value Table",""
"econ","PctFxCst",1,"numberBox","Current (today's) per acre pre-commercial thinning cost:","",NA,NA,"",""
"econ","PctFxCst",2,"textEdit","Cost label (10 characters):","PreCom/Ac",NA,NA,"",""
"econ","PctFxCst",3,"numberBox","Value rate change in percent for specified cost:","0 -100 100",NA,NA,"",""
"econ","PctFxCst",4,"intNumberBox","Duration of value rate in years:","0 0 100",NA,NA,"",""
"econ","PctFxCst",5,"numberBox","Value rate change in percent for specified cost:","0 -100 100",NA,NA,"",""
"econ","PctFxCst",6,"intNumberBox","Duration of value rate in years:","0 0 100",NA,NA,"",""
"econ","PctFxCst",7,"numberBox","Value rate change in percent for specified cost:","0 -100 100",NA,NA,"",""
"econ","PctFxCst",8,"intNumberBox","Duration of value rate in years:","0 0 100",NA,NA,"",""
"econ","PctFxCst",9,"numberBox","Value rate change in percent for specified cost:","0 -100 100",NA,NA,"",""
"econ","PctFxCst",10,"intNumberBox","Duration of value rate in years:","0 0 100",NA,NA,"",""
"econ","PctFxCst",11,"numberBox","Value rate change in percent for specified cost:","0 -100 100",NA,NA,"",""
"econ","PctFxCst",12,"intNumberBox","Duration of value rate in years:","0 0 100",NA,NA,"",""
"econ","PctFxCst",13,"numberBox","Value rate change in percent for specified cost:","0 -100 100",NA,NA,"",""
"econ","PctFxCst",14,"intNumberBox","Duration of value rate in years:","0 0 100",NA,NA,"",""
"econ","PctFxCst",15,"numberBox","Value rate change in percent for specified cost:","0 -100 100",NA,NA,"",""
"econ","PctFxCst",16,"intNumberBox","Duration of value rate in years:","0 0 100",NA,NA,"",""
"econ","PctFxCst",17,"numberBox","Value rate change in percent for specified cost:","0 -100 100",NA,NA,"",""
"econ","PctFxCst",18,"intNumberBox","Duration of value rate in years:","0 0 100",NA,NA,"",""
"econ","PctSpec",1,"numberBox","Minimum required QMD of harvested trees for a commercial harvest:","0",NA,NA,"",""
"econ","PctSpec",2,"listButtonString","Unit-of-measure for minimum volume:","2 = Board feet/acre",NA,NA,"2 = Board feet/acre|3 = Cubic feet/acre",""
"econ","PctSpec",3,"numberBox","Minimum volume per acre to be considered a commercial harvest:","0",NA,NA,"",""
"econ","PctVrCst",1,"numberBox","Current (today's) cost per unit-of-measure and tree DBH:","0",NA,NA,"",""
"econ","PctVrCst",2,"listButtonString","Unit of measure:","2 = 1000 board-feet/acre for trees in this DBH class",NA,NA,"1 = Individual tree/acre removed|2 = 1000 board-feet/acre for trees in this DBH class|3 =  100 cubic-feet/Acre for trees in this DBH class",""
"econ","PctVrCst",3,"numberBox","Smallest tree DBH to which cost applies (greater than/equal):","0",NA,NA,"",""
"econ","PctVrCst",4,"numberBox","Largest tree DBH to which cost applies (less than):","999",NA,NA,"",""
"econ","PctVrCst",5,"numberBox","Value rate change in percent for specified cost:","0 -100 100",NA,NA,"",""
"econ","PctVrCst",6,"intNumberBox","Duration of value rate in years:","0 0 100",NA,NA,"",""
"econ","PctVrCst",7,"numberBox","Value rate change in percent for specified cost:","0 -100 100",NA,NA,"",""
"econ","PctVrCst",8,"intNumberBox","Duration of value rate in years:","0 0 100",NA,NA,"",""
"econ","PctVrCst",9,"numberBox","Value rate change in percent for specified cost:","0 -100 100",NA,NA,"",""
"econ","PctVrCst",10,"intNumberBox","Duration of value rate in years:","0 0 100",NA,NA,"",""
"econ","PctVrCst",11,"numberBox","Value rate change in percent for specified cost:","0 -100 100",NA,NA,"",""
"econ","PctVrCst",12,"intNumberBox","Duration of value rate in years:","0 0 100",NA,NA,"",""
"econ","PctVrCst",13,"numberBox","Value rate change in percent for specified cost:","0 -100 100",NA,NA,"",""
"econ","PctVrCst",14,"intNumberBox","Duration of value rate in years:","0 0 100",NA,NA,"",""
"econ","PctVrCst",15,"numberBox","Value rate change in percent for specified cost:","0 -100 100",NA,NA,"",""
"econ","PctVrCst",16,"intNumberBox","Duration of value rate in years:","0 0 100",NA,NA,"",""
"econ","PctVrCst",17,"numberBox","Value rate change in percent for specified cost:","0 -100 100",NA,NA,"",""
"econ","PctVrCst",18,"intNumberBox","Duration of value rate in years:","0 0 100",NA,NA,"",""
"econ","PctVrCst",19,"numberBox","Value rate change in percent for specified cost:","0 -100 100",NA,NA,"",""
"econ","PctVrCst",20,"intNumberBox","Duration of value rate in years:","0 0 100",NA,NA,"",""
"econ","PlantCst",1,"numberBox","Current (today's) cost per unit-of-measure:","0",NA,NA,"",""
"econ","PlantCst",2,"listButtonString","Unit of measure:","7 = 1000 trees/acre planted",NA,NA,"6 = Per-acre|7 = 1000 trees/acre planted",""
"econ","PlantCst",3,"numberBox","Value rate change in percent for specified cost:","0 -100 100",NA,NA,"",""
"econ","PlantCst",4,"intNumberBox","Duration of value rate in years:","0 0 100",NA,NA,"",""
"econ","PlantCst",5,"numberBox","Value rate change in percent for specified cost:","0 -100 100",NA,NA,"",""
"econ","PlantCst",6,"intNumberBox","Duration of value rate in years:","0 0 100",NA,NA,"",""
"econ","PlantCst",7,"numberBox","Value rate change in percent for specified cost:","0 -100 100",NA,NA,"",""
"econ","PlantCst",8,"intNumberBox","Duration of value rate in years:","0 0 100",NA,NA,"",""
"econ","PlantCst",9,"numberBox","Value rate change in percent for specified cost:","0 -100 100",NA,NA,"",""
"econ","PlantCst",10,"intNumberBox","Duration of value rate in years:","0 0 100",NA,NA,"",""
"econ","PlantCst",11,"numberBox","Value rate change in percent for specified cost:","0 -100 100",NA,NA,"",""
"econ","PlantCst",12,"intNumberBox","Duration of value rate in years:","0 0 100",NA,NA,"",""
"econ","PlantCst",13,"numberBox","Value rate change in percent for specified cost:","0 -100 100",NA,NA,"",""
"econ","PlantCst",14,"intNumberBox","Duration of value rate in years:","0 0 100",NA,NA,"",""
"econ","PlantCst",15,"numberBox","Value rate change in percent for specified cost:","0 -100 100",NA,NA,"",""
"econ","PlantCst",16,"intNumberBox","Duration of value rate in years:","0 0 100",NA,NA,"",""
"econ","PlantCst",17,"numberBox","Value rate change in percent for specified cost:","0 -100 100",NA,NA,"",""
"econ","PlantCst",18,"intNumberBox","Duration of value rate in years:","0 0 100",NA,NA,"",""
"econ","Pretend",1,"scheduleBox","","",NA,NA,"",""
"econ","Pretend",2,"numberBox","Duration, in years (not cycles) that pretend mode will be active:","",NA,NA,"",""
"econ","SpecCst",1,"scheduleBox","","",NA,NA,"",""
"econ","SpecCst",2,"textEdit","Cost label (10 characters):","SpecialCst",NA,NA,"",""
"econ","SpecCst",3,"numberBox","Dollar value of special cost:","0",NA,NA,"",""
"econ","SpecRvn",1,"scheduleBox","","",NA,NA,"",""
"econ","SpecRvn",2,"textEdit","Revenue label (10 characters):","SpecialRvn",NA,NA,"",""
"econ","SpecRvn",3,"numberBox","Dollar value of special revenue:","0",NA,NA,"",""
"econ","StrtEcon",1,"scheduleBox","","",NA,NA,"",""
"econ","StrtEcon",2,"numberBox","Discount rate, in percent:","5.0",NA,NA,"",""
"econ","StrtEcon",3,"numberBox","Known SEV:","blank",NA,NA,"",""
"econ","StrtEcon",4,"listButton","Do you want to compute SEV?"," No",NA,NA," No|Yes",""
"estb","BudWorm",1,"numberBox","Year defoliation began","0",NA,NA,"",""
"estb","BudWorm",2,"numberBox","Last year of defoliation","0",NA,NA,"",""
"estb","PassAll",1,"numberBox","Maximum number of ""acceptable"" seedlings","1",NA,NA,"",""
"estb","SpecMult",1,"scheduleBox","","",NA,NA,"",""
"estb","SpecMult",2,"speciesSelection","Species to which the multiplier will be applied.","",NA,NA,"",""
"estb","SpecMult",3,"sliderBox","Multiplier value, between 0 and 1.","1",0,1,"",""
"estb","StockAdj",1,"scheduleBox","","1",NA,NA,"",""
"estb","StockAdj",2,"sliderBox","Multiplier for the probability of stocking","1",0,10,"","ci=ci"
"estb","Thrshold",1,"numberBox","New lower percent","10",NA,NA,"",""
"estb","Thrshold",2,"numberBox","New upper percent","30",NA,NA,"",""
"estbstrp","BurnPrep",1,"scheduleBox","","0",NA,NA,"",""
"estbstrp","BurnPrep",2,"sliderBox","Percentage of plots to be treated (e.g. 50)","0",0,100,"",""
"estbstrp","ESRanSd",1,"numberBox","Replacement value for the seed (an odd integer value)","blank",NA,NA,"",""
"estbstrp","HtAdj",1,"scheduleBox","","1",NA,NA,"",""
"estbstrp","HtAdj",2,"speciesSelection","Species","",NA,NA,"",""
"estbstrp","HtAdj",3,"sliderBox","Value in feet","0",-20,20,"",""
"estbstrp","MechPrep",1,"scheduleBox","","0",NA,NA,"",""
"estbstrp","MechPrep",2,"sliderBox","Percentage of plots to be treated (e.g. 50)","0",0,100,"",""
"estbstrp","MinPlots",1,"numberBox","Minimum number of plots to process.","50",NA,NA,"",""
"estbstrp","Natural",1,"scheduleBox","","",NA,NA,"",""
"estbstrp","Natural",2,"speciesSelection","Species for regeneration trees","deleteAll",NA,NA,"",""
"estbstrp","Natural",3,"sliderBox","Trees/acre of this species to be regenerated","0",0,10000,"",""
"estbstrp","Natural",4,"sliderBox","Percent survival for this species.","100",0,100,"",""
"estbstrp","Natural",5,"numberBox","Average seedling age of regeneration*","2",NA,NA,"",""
"estbstrp","Natural",6,"numberBox","Average Height in feet*","blank",NA,NA,"",""
"estbstrp","Natural",7,"longListButton","Shade code","regenerated trees occur uniformly on plots throughout the stand.",NA,NA,"regenerated trees occur uniformly on plots throughout the stand.|Seedlings occur more frequently on plots with more overstory basal area.|Seedlings occur more frequently on plots with less overstory basal area.",""
"estbstrp","Output",1,"longListButton","The kind of output desired.","Print standard output tables",NA,NA,"Suppress all output, tree records are still passed to FVS.|Print standard output tables",""
"estbstrp","Output",2,"numberBox","Unit where debug information is sent:","17",NA,NA,"",""
"estbstrp","Plant",1,"scheduleBox","","",NA,NA,"",""
"estbstrp","Plant",2,"speciesSelection","Species for planted trees.","deleteAll",NA,NA,"",""
"estbstrp","Plant",3,"sliderBox","Trees/acre to be planted","0",0,10000,"",""
"estbstrp","Plant",4,"sliderBox","Percent survival for this species.","100",0,100,"",""
"estbstrp","Plant",5,"numberBox","Average seedling age at planting*","2",NA,NA,"",""
"estbstrp","Plant",6,"numberBox","Average height in feet*","blank",NA,NA,"",""
"estbstrp","Plant",7,"longListButton","Shade code","Seedlings occur uniformly on plots throughout the stand.",NA,NA,"Seedlings occur uniformly on plots throughout the stand.|Seedlings occur more frequently on plots with more overstory basal area.|Seedlings occur more frequently on plots with less overstory basal area.",""
"estbstrp","PlotInfo",1,"numberBox","Unit number","blank",NA,NA,"",""
"estbstrp","PlotInfo",2,"numberBox","Plot identification number:","blank",NA,NA,"",""
"estbstrp","PlotInfo",3,"numberBox","Slope percent code:","blank",NA,NA,"",""
"estbstrp","PlotInfo",4,"numberBox","Aspect code:","blank",NA,NA,"",""
"estbstrp","PlotInfo",5,"habPaSelection","Habitat type code:","blank",NA,NA,"",""
"estbstrp","PlotInfo",6,"numberBox","Topographic position code:","blank",NA,NA,"",""
"estbstrp","PlotInfo",7,"numberBox","Site preparation code:","blank",NA,NA,"",""
"estbstrp","ResetAge",1,"scheduleBox","","0",NA,NA,"",""
"estbstrp","ResetAge",2,"numberBox","New stand age","0",NA,NA,"",""
"estbstrp","Sprout",1,"scheduleBox","","",NA,NA,"",""
"estbstrp","Sprout",2,"speciesSelection","Species to apply multipliers to","",NA,NA,"",""
"estbstrp","Sprout",3,"sliderBox","Number of Sprouts multiplier","1",0,0,"",""
"estbstrp","Sprout",4,"sliderBox","Sprout Height multiplier","1",0,0,"",""
"estbstrp","Sprout",5,"numberBox","Smallest DBH of parent tree for application of multipliers (GE)","0",NA,NA,"",""
"estbstrp","Sprout",6,"numberBox","Largest DBH of parent tree for application of multipliers (LT)","999",NA,NA,"",""
"estbstrp","Tally",1,"scheduleBox","","",NA,NA,"",""
"estbstrp","Tally",2,"numberBox","Year of disturbance (optional)","blank",NA,NA,"",""
"estbstrp","TallyOne",1,"scheduleBox","","",NA,NA,"",""
"estbstrp","TallyOne",2,"numberBox","Year of disturbance (optional field)","blank",NA,NA,"",""
"estbstrp","TallyTwo",1,"scheduleBox","","",NA,NA,"",""
"estbstrp","TallyTwo",2,"numberBox","Year of disturbance (optional field)","blank",NA,NA,"",""
"fire","CanCalc",1,"listButtonString","The method used:","0 = standard method",NA,NA,"0 = standard method",""
"fire","CanCalc",2,"numberBox","Minimum height of trees used in the calculation:","6.0",NA,NA,"",""
"fire","CanCalc",3,"listButtonString","The species included:","0 = conifers only",NA,NA,"0 = conifers only|1 = all species",""
"fire","CanCalc",4,"numberBox","Cutoff value used in determining canopy base height:","30.0",NA,NA,"",""
"fire","CarbCalc",1,"listButtonString","Biomass predictions:","\",NA,NA,"\|0 = Use FFE biomass predictions|1 = Use Jenkins and others (2003)",""
"fire","CarbCalc",2,"listButtonString","Units:","\",NA,NA,"\|0 = US (tons carbon/acre)|1 = Metric (metric tons carbon/hectare)|2 = Combined (metric tons carbon/acre)",""
"fire","CarbCalc",3,"sliderBox","Annual root decay rate (proportion per year)","0.0425",0,1,"",""
"fire","CarbCalc",4,"numberBox","DBH breakpoint (in) between pulpwood and sawtimber for softwoods","9",NA,NA,"",""
"fire","CarbCalc",5,"numberBox","DBH breakpoint (in) between pulpwood and sawtimber for hardwoods","11",NA,NA,"",""
"fire","DeFulMod",1,"scheduleBox","","",NA,NA,"",""
"fire","DeFulMod",2,"numberBox","Fuel model index number to change or define.","15 1 204",NA,NA,"",""
"fire","DeFulMod",3,"numberBox","Surface to volume ratio (1/ft) for 0-.25 inch fuels.","blank",NA,NA,"",""
"fire","DeFulMod",4,"numberBox","Surface to volume ratio for .25-1 inch fuels.","",NA,NA,"",""
"fire","DeFulMod",5,"numberBox","Surface to volume ratio for 1-3 inch fuels.","",NA,NA,"",""
"fire","DeFulMod",6,"numberBox","Surface to volume ratio for live woody fuels.","",NA,NA,"",""
"fire","DeFulMod",7,"numberBox","Loading (lbs/ft2) for 0-.25 inch fuels.","",NA,NA,"",""
"fire","DeFulMod",8,"numberBox","Loading for .25-1 inch fuels.","",NA,NA,"",""
"fire","DeFulMod",9,"numberBox","Loading for 1-3 inch fuels.","",NA,NA,"",""
"fire","DeFulMod",10,"numberBox","Loading for live woody fuels.","",NA,NA,"",""
"fire","DeFulMod",11,"numberBox","Fuel depth (ft).","",NA,NA,"",""
"fire","DeFulMod",12,"numberBox","Moisture of extinction.","",NA,NA,"",""
"fire","DeFulMod",13,"numberBox","Surface to volume ratio for live herb fuels.","",NA,NA,"",""
"fire","DeFulMod",14,"numberBox","Loading for live herb fuels.","",NA,NA,"",""
"fire","Drought",1,"scheduleBox","","",NA,NA,"",""
"fire","Drought",2,"numberBox","Drought duration:","1 1 FMax",NA,NA,"",""
"fire","DuffProd",1,"listButtonString","The decay rate pool:","1 = Decay class 1",NA,NA,"1 = Decay class 1|2 = Decay class 2|3 = Decay class 3|4 = Decay class 4|5 = All decay classs",""
"fire","DuffProd",2,"sliderBox","Proportion of decayed litter","0.02",0,1,"",""
"fire","DuffProd",3,"sliderBox","Proportion of decayed fuel of size 0-0.25 inches","0.02",0,1,"",""
"fire","DuffProd",4,"sliderBox","Proportion of decayed fuel of size 0.25-1 inch","0.02",0,1,"",""
"fire","DuffProd",5,"sliderBox","Proportion of decayed fuel of size 1-3 inches","0.02",0,1,"",""
"fire","DuffProd",6,"sliderBox","Proportion of decayed fuel over 3 inches","0.02",0,1,"",""
"fire","FireCalc",1,"scheduleBox","","",NA,NA,"",""
"fire","FireCalc",2,"longListButton","The fire behavior calculations should use:","0 = the original FFE fuel model selection logic (includes only fuel models 1-13)",NA,NA,"\|0 = the original FFE fuel model selection logic (includes only fuel models 1-13)|1 = the new fuel model selection logic (includes the 40 new fuel models)|2 = modelled loads directly in predicting fire behavior",""
"fire","FireCalc",3,"longListButton","Fuel model set for use with the new fuel model logic:","2 = use all 53 fuel models",NA,NA,"\|0 = use the original 13 fuel models|1 = use the 40 new Scott and Burgan fuel models|2 = use all 53 fuel models",""
"fire","FireCalc",4,"numberBox","Surface area to volume ratio (1/ft) for 1 hr (0-.25"") fuels","2000",NA,NA,"",""
"fire","FireCalc",5,"numberBox","Surface area to volume ratio (1/ft) for live herb fuels","1800",NA,NA,"",""
"fire","FireCalc",6,"numberBox","Surface area to volume ratio (1/ft) for live woody fuels","1500",NA,NA,"",""
"fire","FireCalc",7,"numberBox","Bulk density (lbs/ft3) for live fuels","0.10",NA,NA,"",""
"fire","FireCalc",8,"numberBox","Bulk density (lbs/ft3) for dead fuels","0.75",NA,NA,"",""
"fire","FireCalc",9,"numberBox","Heat content (BTU/lb)","8000",NA,NA,"",""
"fire","FlameAdj",1,"scheduleBox","","",NA,NA,"",""
"fire","FlameAdj",2,"numberBox","Flame length multiplier:","1.0",NA,NA,"",""
"fire","FlameAdj",3,"numberBox","Flame length (feet):","blank",NA,NA,"",""
"fire","FlameAdj",4,"numberBox","Percent crowning (% of crowns that burn):","blank",NA,NA,"",""
"fire","FlameAdj",5,"numberBox","Scorch height (feet):","blank",NA,NA,"",""
"fire","FModList",1,"scheduleBox","","",NA,NA,"",""
"fire","FModList",2,"longListButtonString","Fuel model:","\",NA,NA,"\|1 = Short grass|2 = Timber (grass & understory)|3 = Tall grass|4 = Chaparral|5 = Brush|6 = Dormant brush, hardwood slash|7 = Southern rough|8 = Closed timber litter|9 = Hardwood litter|10 = Timber (litter & understory|11 = Light logging slash|12 = Medium logging slash|13 = Heavy logging slash|101 = GR1 Short sparse dry climate grass|102 = GR2 Low load dry climate grass|103 = GR3 Low load very coarse humid climate grass|104 = GR4 Moderate load dry climate grass|105 = GR5 Low load humid climate grass|106 = GR6 Moderate load humid climate grass|107 = GR7 High load dry climate grass|108 = GR8 High load very coarse humid climate grass|109 = GR9 Very high load humid climate grass|121 = GS1 Low load dry climate grass-shrub|122 = GS2 Moderate load dry climate grass-shrub|123 = GS3 Moderate load humid climate grass-shrub|124 = GS4 High load humid climate grass-shrub|141 = SH1 Low load dry climate shrub|142 = SH2 Moderate load dry climate shrub|143 = SH3 Moderate load humid climate shrub|144 = SH4 Low load humid climate timber-shrub|145 = SH5 High load dry climate shrub|146 = SH6 Low load humid climate shrub|147 = SH7 Very high load dry climate shrub|148 = SH8 High load humid climate shrub|149 = SH9 Very high load humid climate shrub|161 = TU1 Low load dry climate timber-grass-shrub|162 = TU2 Moderate load humid climate timber-shrub|163 = TU3 Moderate load humid climate timber-grass-shrub|164 = TU4 Dwarf conifer with understory|165 = TU5 Very high load dry climate timber-shrub|181 = TL1 Low load compact conifer litter|182 = TL2 Low load broadleaf litter|183 = TL3 Moderate load conifer litter|184 = TL4 Small downed logs|185 = TL5 High load conifer litter|186 = TL6 Moderate load broadleaf litter|187 = TL7 Large downed logs|188 = TL8 Long-needle litter|189 = TL9 Very high load broadleaf litter|201 = SB1 Low load activity fuel|202 = SB2 Moderate load activity fuel or low load blowdown|203 = SB3 High load activity fuel or moderate load blowdown|204 = SB4 High load blowdown",""
"fire","FModList",3,"longListButtonString","Fuel model status:","-1 = use default logic to determine if fuel model is part of the pick list",NA,NA,"\|-1 = use default logic to determine if fuel model is part of the pick list|0 = fuel model IS part of the pick list|1 = fuel model IS NOT part of the pick list",""
"fire","FMortMlt",1,"scheduleBox","","",NA,NA,"",""
"fire","FMortMlt",2,"numberBox","Multiplier value for mortality:","1.0",NA,NA,"",""
"fire","FMortMlt",3,"speciesSelection","Species to which multiplier is applied:","",NA,NA,"",""
"fire","FMortMlt",4,"numberBox","Smallest DBH to which multiplier is applied (greater than/equal):","0",NA,NA,"",""
"fire","FMortMlt",5,"numberBox","Largest DBH to which multiplier is applied (less than):","999.",NA,NA,"",""
"fire","FuelDcay",1,"listButtonString","The decay rate pool:","1 = Decay class 1",NA,NA,"1 = Decay class 1|2 = Decay class 2|3 = Decay class 3|4 = Decay class 4|5 = All decay classs",""
"fire","FuelDcay",2,"sliderBox","Decay rate for litter","0.5",0,1,"",""
"fire","FuelDcay",3,"sliderBox","Decay rate for duff","0.002",0,1,"",""
"fire","FuelDcay",4,"sliderBox","Decay rate for fuel of size 0-0.25 inches","0.12",0,1,"",""
"fire","FuelDcay",5,"sliderBox","Decay rate for fuel of size 0.25-1 inch","0.12",0,1,"",""
"fire","FuelDcay",6,"sliderBox","Decay rate for fuel of size 1-3 inches","0.09",0,1,"",""
"fire","FuelDcay",7,"sliderBox","Decay rate for fuel over 3 inches","0.015",0,1,"",""
"fire","FuelFoto",1,"listButtonString","Photo series reference number:","1 = Fischer INT-96",NA,NA,"1 = Fischer INT-96|2 = Fischer INT-97|3 = Fischer INT-98|5 = Koski and Fischer INT-46|6 = Maxwell and Ward PNW-52|7 = Blonski and Schramel PSW-56|8 = Maxwell and Ward PNW-105|9 = Ottmar and Hardy PNW-GTR-231|11 = Maxwell A-89-6-82|12 = Southwestern region compilation|13 = Maxwell and Ward PNW-51|14 = Ottmar and others Volume I|15 = Ottmar and others Volume I|16 = Ottmar and Vihnanek Volume II / IIa|17 = Ottmar and others Volume III|18 = Ottmar and others Volume V / Va|19 = Ottmar and others Volume VI / VIa|20 = Maxwell A-89-1-90|21 = Ottmar and others Volume IV|22 = Wright and others PNW-GTR-545|23 = Ottmar and others PNW-GTR-258|24 = Lynch and Horton NA-FR-25|25 = Wilcox and others NA-FR-22|26 = Scholl and Waldrop GTR-SRS-26|27 = Ottmar and others Volume VII|28 = Maxwell and Ward PNW-95|29 = Sanders and Van Lear GTR-SE-49|30 = Wade and others GTR-SE-82|31 = Blank GTR-NC-77|32 = Popp and Lundquist RMRS-GTR-172",""
"fire","FuelFoto",2,"listButtonString","Photo reference number:","1  = ref 1, 16",NA,NA,"1  = ref 1, 16|2  = ref 1, 15|3  = ref 1, 63|4  = ref 1, 65|5  = ref 1, 67|6  = ref 1, 25|7  = ref 1, 66|8  = ref 1, 9A|9  = ref 1, 4A|10 = ref 1, 17A|11 = ref 1, 3A|12 = ref 1, 13A|13 = ref 1, 6A|14 = ref 1, 18A|15 = ref 1, 10A|16 = ref 1, 7A|17 = ref 1, 19A|18 = ref 1, 11A|19 = ref 1, 5A|20 = ref 1, 8A|21 = ref 1, 16A|22 = ref 1, 15A|1  = ref 2, 24|2  = ref 2, 18|3  = ref 2, 23|4  = ref 2, 33A|5  = ref 2, 30A|6  = ref 2, 32A|7  = ref 2, 17|8  = ref 2, 31A|9  = ref 2, 29A|10 = ref 2, 72|11 = ref 2, 76|12 = ref 2, 69|13 = ref 2, 80|14 = ref 2, 70|15 = ref 2, 64|16 = ref 2, 79|17 = ref 2, 75|18 = ref 2, 73|19 = ref 2, 77|20 = ref 2, 84|21 = ref 2, 74|22 = ref 2, 78|23 = ref 2, 68|24 = ref 2, 31|25 = ref 2, 36A|26 = ref 2, 71|27 = ref 2, 14|28 = ref 2, 88|29 = ref 2, 13|30 = ref 2, 9|31 = ref 2, 89|32 = ref 2, 5|33 = ref 2, 29|34 = ref 2, 30|35 = ref 2, 56|36 = ref 2, 33|37 = ref 2, 91|38 = ref 2, 7|39 = ref 2, 32|40 = ref 2, 8|41 = ref 2, 28|42 = ref 2, 43|43 = ref 2, 14A|44 = ref 2, 39A|45 = ref 2, 41A|46 = ref 2, 49|47 = ref 2, 28A|48 = ref 2, 27A|49 = ref 2, 12A|50 = ref 2, 37A|51 = ref 2, 42A|52 = ref 2, 38A|53 = ref 2, 86|54 = ref 2, 43A|55 = ref 2, 34|56 = ref 2, 40A|57 = ref 2, 42|58 = ref 2, 48|59 = ref 2, 95|1  = ref 3, 2|2  = ref 3, 26A|3  = ref 3, 1|4  = ref 3, 35A|5  = ref 3, 82|6  = ref 3, 85|7  = ref 3, 25A|8  = ref 3, 34A|9  = ref 3, 45A|10 = ref 3, 47A|11 = ref 3, 87|12 = ref 3, 83|13 = ref 3, 92|14 = ref 3, 53|15 = ref 3, 41|16 = ref 3, 49A|17 = ref 3, 98|18 = ref 3, 61|19 = ref 3, 60|20 = ref 3, 6|21 = ref 3, 55|22 = ref 3, 48A|23 = ref 3, 11|24 = ref 3, 46A|25 = ref 3, 27|26 = ref 3, 81|27 = ref 3, 45|28 = ref 3, 1A|29 = ref 3, 40|30 = ref 3, 39|31 = ref 3, 35|32 = ref 3, 2A|33 = ref 3, 26|34 = ref 3, 24A|35 = ref 3, 44|36 = ref 3, 37|37 = ref 3, 21|38 = ref 3, 21A|39 = ref 3, 90|40 = ref 3, 54|41 = ref 3, 36|42 = ref 3, 22A|43 = ref 3, 50|44 = ref 3, 58|45 = ref 3, 19|46 = ref 3, 57|47 = ref 3, 96|48 = ref 3, 23A|49 = ref 3, 46|50 = ref 3, 97|51 = ref 3, 20|52 = ref 3, 59|53 = ref 3, 44A|54 = ref 3, 93|55 = ref 3, 47|56 = ref 3, 4|57 = ref 3, 22|58 = ref 3, 51|59 = ref 3, 62|60 = ref 3, 12|61 = ref 3, 20A|62 = ref 3, 94|63 = ref 3, 10|64 = ref 3, 3|65 = ref 3, 38|66 = ref 3, 52|1  = ref 5, 1WH1TH|2  = ref 5, 2WH1TH|3  = ref 5, 3WH1TH|4  = ref 5, 4WH1TH|5  = ref 5, 5WH1TH|6  = ref 5, 6WH1TH|7  = ref 5, 1GF1TH|8  = ref 5, 2GF1TH|9  = ref 5, 3GF1TH|10 = ref 5, 4GF1TH|11 = ref 5, 1WC1TH|12 = ref 5, 2WC1TH|13 = ref 5, 3WC1TH|14 = ref 5, 4WC1TH|15 = ref 5, 5WC1TH|16 = ref 5, 6WC1TH|17 = ref 5, 7WC1TH|1  = ref 6, 1PP4CC|2  = ref 6, 2PP4CC|3  = ref 6, 1PP4PC|4  = ref 6, 2PP4PC|5  = ref 6, 3PP4PC|6  = ref 6, 4PP4PC|7  = ref 6, 5PP4PC|8  = ref 6, 1PP1TH|9  = ref 6, 2PP1TH|10 = ref 6, 3PP1TH|11 = ref 6, 4PP1TH|12 = ref 6, 5PP1TH|13 = ref 6, 6PP1TH|14 = ref 6, 1PP&ASSOC4PC|15 = ref 6, 2PP&ASSOC4PC|16 = ref 6, 3PP&ASSOC4PC|17 = ref 6, 4PP&ASSOC4PC|18 = ref 6, 5PP&ASSOC4PC|19 = ref 6, 6PP&ASSOC4PC|20 = ref 6, 7PP&ASSOC4PC|21 = ref 6, 8PP&ASSOC4PC|22 = ref 6, 1LP3CC|23 = ref 6, 1LP3PC|24 = ref 6, 2LP3PC|25 = ref 6, 3LP3PC|26 = ref 6, 4LP3PC|27 = ref 6, 5LP3PC|1  = ref 7, 1MP4|2  = ref 7, 2MP4|3  = ref 7, 3MP4|4  = ref 7, 4MP4|5  = ref 7, 5MP4|6  = ref 7, 1MF4|7  = ref 7, 2MF4|8  = ref 7, 3MF4|9  = ref 7, 4MF4|10 = ref 7, 5MF4|11 = ref 7, 1PP2|12 = ref 7, 2PP2|13 = ref 7, 3PP2|14 = ref 7, 4PP2|15 = ref 7, 1PP3|16 = ref 7, 2PP3|17 = ref 7, 3PP3|18 = ref 7, 4PP3|19 = ref 7, 1PP4|20 = ref 7, 2PP4|21 = ref 7, 3PP4|22 = ref 7, 1LP2|23 = ref 7, 2LP2|24 = ref 7, 3LP2|25 = ref 7, 4LP2|26 = ref 7, 5LP2|27 = ref 7, 1LP3|28 = ref 7, 2LP3|29 = ref 7, 3LP3|30 = ref 7, 4LP3|31 = ref 7, 1LP4|32 = ref 7, 1WF2|33 = ref 7, 2WF2|34 = ref 7, 3WF2|35 = ref 7, 4WF2|36 = ref 7, 1WF3|37 = ref 7, 2WF3|38 = ref 7, 3WF3|39 = ref 7, 4WF3|40 = ref 7, 5WF3|41 = ref 7, 1WF4|42 = ref 7, 2WF4|43 = ref 7, 3WF4|44 = ref 7, 4WF4|45 = ref 7, 5WF4|46 = ref 7, 1RF3|47 = ref 7, 2RF3|48 = ref 7, 3RF3|49 = ref 7, 4RF3|50 = ref 7, 5RF3|51 = ref 7, 1RF4|52 = ref 7, 2RF4|53 = ref 7, 3RF4|54 = ref 7, 4RF4|55 = ref 7, 5RF4|56 = ref 7, 1MH4|1  = ref 8, 1DFHD3|2  = ref 8, 2DFHD3|3  = ref 8, 3DFHD3|4  = ref 8, 1DFHD4|5  = ref 8, 2DFHD4|6  = ref 8, 3DFHD4|7  = ref 8, 4DFHD4|8  = ref 8, 5DFHD4|9  = ref 8, 1HD2|10 = ref 8, 2HD2|11 = ref 8, 1DF2|12 = ref 8, 2DF2|13 = ref 8, 1DF3|14 = ref 8, 2DF3|15 = ref 8, 1DF4|16 = ref 8, 2DF4|17 = ref 8, 3DF4|18 = ref 8, 4DF4|19 = ref 8, 5DF4|20 = ref 8, 6DF4|21 = ref 8, 7DF4|22 = ref 8, 1SA1|23 = ref 8, 2SA1|24 = ref 8, 3SA1|25 = ref 8, 1SA2|26 = ref 8, 2SA2|27 = ref 8, 1SA3|28 = ref 8, 2SA3|29 = ref 8, 3SA3|30 = ref 8, 1SA4|31 = ref 8, 2SA4|32 = ref 8, 1MC2|33 = ref 8, 2MC2|34 = ref 8, 3MC2|35 = ref 8, 1MC3|36 = ref 8, 2MC3|37 = ref 8, 3MC3|38 = ref 8, 1MC4|39 = ref 8, 2MC4|40 = ref 8, 1LP1|41 = ref 8, 2LP1|42 = ref 8, 3LP1|43 = ref 8, 1LP2|44 = ref 8, 2LP2|45 = ref 8, 3LP2|46 = ref 8, 4LP2|47 = ref 8, 1LP3|48 = ref 8, 2LP3|49 = ref 8, 3LP3|50 = ref 8, 1PP&Assoc3|51 = ref 8, 2PP&Assoc3|52 = ref 8, 3PP&Assoc3|53 = ref 8, 4PP&Assoc3|54 = ref 8, 5PP&Assoc3|55 = ref 8, 1PP&Assoc4|56 = ref 8, 2PP&Assoc4|57 = ref 8, 3PP&Assoc4|58 = ref 8, 1PP1|59 = ref 8, 2PP1|60 = ref 8, 3PP1|61 = ref 8, 1PP2|62 = ref 8, 2PP2|63 = ref 8, 3PP2|64 = ref 8, 4PP2|65 = ref 8, 1PP3|66 = ref 8, 2PP3|67 = ref 8, 3PP3|68 = ref 8, 4PP3|69 = ref 8, 5PP3|70 = ref 8, 6PP3|71 = ref 8, 7PP3|72 = ref 8, 8PP3|73 = ref 8, 1PP4|74 = ref 8, 2PP4|75 = ref 8, 3PP4|76 = ref 8, 4PP4|77 = ref 8, 5PP4|78 = ref 8, 6PP4|79 = ref 8, 7PP4|80 = ref 8, 8PP4|81 = ref 8, 1BR|82 = ref 8, 2BR|83 = ref 8, 1JU2|84 = ref 8, 2JU2|85 = ref 8, 1GR|86 = ref 8, 2GR|1  = ref 9, 1DFWHPRE01|2  = ref 9, 1DFWHPRE02|3  = ref 9, 1DFWHPRE03|4  = ref 9, 1DFWHPRE04|5  = ref 9, 1DFWHPRE05|6  = ref 9, 1DFWHPRE06|7  = ref 9, 1DFWHPRE07|8  = ref 9, 1DFWHPRE08|9  = ref 9, 1DFWHPRE09|10 = ref 9, 2WHSSPRE01|11 = ref 9, 3RAPRE01|12 = ref 9, 3RAPRE02|13 = ref 9, 3RAPRE03|14 = ref 9, 3RAPRE04|15 = ref 9, 3RAPRE05|16 = ref 9, 3RAPRE06|17 = ref 9, 3RAPRE07|18 = ref 9, 4DFWHPOST01|19 = ref 9, 4DFWHPOST02|20 = ref 9, 4DFWHPOST03|21 = ref 9, 4DFWHPOST04|22 = ref 9, 5RAPOST01|23 = ref 9, 5RAPOST02|24 = ref 9, 5RAPOST03|25 = ref 9, 5RAPOST04|26 = ref 9, 5RAPOST05|1  = ref 11, 1PP1TH|2  = ref 11, 2PP1TH|3  = ref 11, 3PP1TH|4  = ref 11, 4PP1TH|5  = ref 11, 5PP1TH|6  = ref 11, 6PP1TH|7  = ref 11, 7PP1TH|8  = ref 11, 1PP2PC|9  = ref 11, 2PP2PC|10 = ref 11, 3PP2PC|11 = ref 11, 4PP2PC|12 = ref 11, 5PP2PC|13 = ref 11, 1PP3PC|14 = ref 11, 2PP3PC|15 = ref 11, 3PP3PC|16 = ref 11, 1PP3CC|17 = ref 11, 2PP3CC|18 = ref 11, 1PPSP3PC|19 = ref 11, 2PPSP3PC|20 = ref 11, 3PPSP3PC|21 = ref 11, 1SP3PC|22 = ref 11, 2SP3PC|23 = ref 11, 1PP1|24 = ref 11, 1PP2|25 = ref 11, 2PP2|26 = ref 11, 1PP3|1  = ref 12, 1PP1TH(BH)|2  = ref 12, 2PP1TH(BH)|3  = ref 12, 3PP1TH(BH)|4  = ref 12, 4PP1TH(BH)|5  = ref 12, 5PP1TH(BH)|6  = ref 12, 6PP1TH(BH)|7  = ref 12, 7PP1TH(BH)|8  = ref 12, 1PP2PC|9  = ref 12, 2PP2PC|10 = ref 12, 3PP2PC|11 = ref 12, 4PP2PC|12 = ref 12, 5PP2PC|13 = ref 12, 1PP3PC|14 = ref 12, 2PP3PC|15 = ref 12, 3PP3PC|16 = ref 12, 1PP3CC|17 = ref 12, 2PP3CC|18 = ref 12, 1PPSP3PC|19 = ref 12, 2PPSP3PC|20 = ref 12, 3PPSP3PC|21 = ref 12, 1SP3PC|22 = ref 12, 2SP3PC|23 = ref 12, 1PP1(BH)|24 = ref 12, 1PP2(BH)|25 = ref 12, 2PP2(BH)|26 = ref 12, 1PP3(BH)|27 = ref 12, 1AZPPSPPRE01|28 = ref 12, 1AZPPSPPRE02|29 = ref 12, 1AZPPSPPRE03|30 = ref 12, 1AZPPSPPRE04|31 = ref 12, 1MC2|32 = ref 12, 2MC2|33 = ref 12, 3MC2|34 = ref 12, 1MC3|35 = ref 12, 2MC3|36 = ref 12, 3MC3|37 = ref 12, 1PP&Assoc3|38 = ref 12, 2PP&Assoc3|39 = ref 12, 3PP&Assoc3|40 = ref 12, 4PP&Assoc3|41 = ref 12, 5PP&Assoc3|42 = ref 12, 1PP&Assoc4|43 = ref 12, 2PP&Assoc4|44 = ref 12, 3PP&Assoc4|45 = ref 12, 1PP1|46 = ref 12, 2PP1|47 = ref 12, 3PP1|48 = ref 12, 1PP2(PNW105)|49 = ref 12, 2PP2(PNW105)|50 = ref 12, 3PP2(PNW105)|51 = ref 12, 4PP2(PNW105)|52 = ref 12, 1PP3(PNW105)|53 = ref 12, 2PP3(PNW105)|54 = ref 12, 3PP3(PNW105)|55 = ref 12, 4PP3(PNW105)|56 = ref 12, 5PP3|57 = ref 12, 6PP3|58 = ref 12, 7PP3|59 = ref 12, 8PP3|60 = ref 12, 1PP4(PNW105)|61 = ref 12, 2PP4(PNW105)|62 = ref 12, 3PP4(PNW105)|63 = ref 12, 4PP4|64 = ref 12, 1JU2|65 = ref 12, 2JU2|66 = ref 12, 1PP4PC|67 = ref 12, 2PP4PC|68 = ref 12, 3PP4PC|69 = ref 12, 4PP4PC|70 = ref 12, 5PP4PC|71 = ref 12, 1PP1TH|72 = ref 12, 2PP1TH|73 = ref 12, 3PP1TH|74 = ref 12, 4PP1TH|75 = ref 12, 5PP1TH|76 = ref 12, 6PP1TH|77 = ref 12, 1PP2|78 = ref 12, 2PP2|79 = ref 12, 3PP2|80 = ref 12, 4PP2|81 = ref 12, 1PP3|82 = ref 12, 2PP3|83 = ref 12, 3PP3|84 = ref 12, 4PP3|85 = ref 12, 1PP4|86 = ref 12, 2PP4|87 = ref 12, 3PP4|88 = ref 12, 3WF2|89 = ref 12, 4WF3|90 = ref 12, 3WF3|1  = ref 13, 1DF4CC|2  = ref 13, 2DF4CC|3  = ref 13, 3DF4CC|4  = ref 13, 4DF4CC|5  = ref 13, 5DF4CC|6  = ref 13, 6DF4CC|7  = ref 13, 7DF4CC|8  = ref 13, 8DF4CC|9  = ref 13, 9DF4CC|10 = ref 13, 10DF4CC|11 = ref 13, 1DF4PC|12 = ref 13, 2DF4PC|13 = ref 13, 3DF4PC|14 = ref 13, 4DF4PC|15 = ref 13, 5DF4PC|16 = ref 13, 6DF4PC|17 = ref 13, 7DF4PC|18 = ref 13, 8DF4PC|19 = ref 13, 9DF4PC|20 = ref 13, 1DF3PC|21 = ref 13, 2DF3PC|22 = ref 13, 3DF3PC|23 = ref 13, 4DF3PC|24 = ref 13, 5DF3PC|25 = ref 13, 6DF3PC|26 = ref 13, 1DF1TH|27 = ref 13, 2DF1TH|28 = ref 13, 3DF1TH|29 = ref 13, 4DF1TH|30 = ref 13, 1DFHD4CC|31 = ref 13, 2DFHD4CC|32 = ref 13, 3DFHD4CC|33 = ref 13, 4DFHD4CC|34 = ref 13, 5DFHD4CC|35 = ref 13, 6DFHD4CC|36 = ref 13, 7DFHD4CC|37 = ref 13, 1DFHD4PC|38 = ref 13, 2DFHD4PC|39 = ref 13, 3DFHD4PC|40 = ref 13, 4DFHD4PC|41 = ref 13, 5DFHD4PC|42 = ref 13, 6DFHD4PC|1  = ref 14, BG01|2  = ref 14, BG02|3  = ref 14, BG03|4  = ref 14, BG04|5  = ref 14, MC01|6  = ref 14, MC02|7  = ref 14, MC03|8  = ref 14, MC04|9  = ref 14, MC05|10 = ref 14, MC06|11 = ref 14, MC07|12 = ref 14, MC08|13 = ref 14, MC09|14 = ref 14, MC10|15 = ref 14, MC11|16 = ref 14, MC12|17 = ref 14, MC13|18 = ref 14, MC14|19 = ref 14, MC15|20 = ref 14, MC16|21 = ref 14, MC17|22 = ref 14, SB01|23 = ref 14, SB02|24 = ref 14, SB03|25 = ref 14, SB04|26 = ref 14, WJ01|27 = ref 14, WJ02|28 = ref 14, WJ03|29 = ref 14, WJ04|1  = ref 15, BG01|2  = ref 15, BG02|3  = ref 15, BG03|4  = ref 15, BG04|5  = ref 15, MC01|6  = ref 15, MC02|7  = ref 15, MC03|8  = ref 15, MC04|9  = ref 15, MC05|10 = ref 15, MC06|11 = ref 15, MC07|12 = ref 15, MC08|13 = ref 15, MC09|14 = ref 15, MC10|15 = ref 15, MC11|16 = ref 15, MC12|17 = ref 15, MC13|18 = ref 15, MC14|19 = ref 15, MC15|20 = ref 15, MC16|21 = ref 15, MC17|22 = ref 15, SB01|23 = ref 15, SB02|24 = ref 15, SB03|25 = ref 15, SB04|26 = ref 15, WJ01|27 = ref 15, WJ02|28 = ref 15, WJ03|29 = ref 15, WJ04|1  = ref 16, AH01|2  = ref 16, AH02|3  = ref 16, AH03|4  = ref 16, AH04|5  = ref 16, AH05|6  = ref 16, AH06|7  = ref 16, AH07|8  = ref 16, AH08|9  = ref 16, AH09|10 = ref 16, AH10|11 = ref 16, AH11|12 = ref 16, AH12|13 = ref 16, AH13|14 = ref 16, AH14|15 = ref 16, AH15|16 = ref 16, BS01|17 = ref 16, BS02|18 = ref 16, BS03|19 = ref 16, BS04|20 = ref 16, BS05|21 = ref 16, BS06|22 = ref 16, BS07|23 = ref 16, BS08|24 = ref 16, BS09|25 = ref 16, BS10|26 = ref 16, BS11|27 = ref 16, BS12|28 = ref 16, BS13|29 = ref 16, BS14|30 = ref 16, WS01|31 = ref 16, WS02|32 = ref 16, WS03|33 = ref 16, WS04|34 = ref 16, WS05|35 = ref 16, WS06|36 = ref 16, WS07|37 = ref 16, WS08|38 = ref 16, WS09|39 = ref 16, WS10|40 = ref 16, WS11|41 = ref 16, WS12|1  = ref 17, GO01|2  = ref 17, GO02|3  = ref 17, GO03|4  = ref 17, GO04|5  = ref 17, GO05|6  = ref 17, GO06|7  = ref 17, GO07|8  = ref 17, GO08|9  = ref 17, GO09|10 = ref 17, LP01|11 = ref 17, LP02|12 = ref 17, LP03|13 = ref 17, LP04|14 = ref 17, LP05|15 = ref 17, LP06|16 = ref 17, LP07|17 = ref 17, LP08|18 = ref 17, LP09|19 = ref 17, LP10|20 = ref 17, LP11|21 = ref 17, LP12|22 = ref 17, LP13|23 = ref 17, QA01|24 = ref 17, QA02|25 = ref 17, QA03|26 = ref 17, QA04|27 = ref 17, QA05|28 = ref 17, QA06|29 = ref 17, QA07|30 = ref 17, QA08|31 = ref 17, QA09|32 = ref 17, QA10|33 = ref 17, QA11|34 = ref 17, QA12|35 = ref 17, QA13|1  = ref 18, JP01|2  = ref 18, JP02|3  = ref 18, JP03|4  = ref 18, JP04|5  = ref 18, JP05|6  = ref 18, JP06|7  = ref 18, JP07|8  = ref 18, JP08|9  = ref 18, JP09|10 = ref 18, JP10|11 = ref 18, JP11|12 = ref 18, JP12|13 = ref 18, JP13|14 = ref 18, JP14|15 = ref 18, JP15|16 = ref 18, JP16|17 = ref 18, JP17|18 = ref 18, JP18|19 = ref 18, JP19|20 = ref 18, MO01|21 = ref 18, MO02|22 = ref 18, MO03|23 = ref 18, MO04|24 = ref 18, MO05|25 = ref 18, MO06|26 = ref 18, MO07|27 = ref 18, MO08|28 = ref 18, MO09|29 = ref 18, MO10|30 = ref 18, MO11|31 = ref 18, MP01|32 = ref 18, MP02|33 = ref 18, MP03|34 = ref 18, MP04|35 = ref 18, MP05|36 = ref 18, MP06|37 = ref 18, MP07|38 = ref 18, MP08|39 = ref 18, MP09|40 = ref 18, MP10|41 = ref 18, MP11|42 = ref 18, MP12|43 = ref 18, MP13|1  = ref 19, HP01|2  = ref 19, HP02|3  = ref 19, HP03|4  = ref 19, HP04|5  = ref 19, HP05|6  = ref 19, HP06|7  = ref 19, HP07|8  = ref 19, LLP01|9  = ref 19, LLP02|10 = ref 19, LLP03|11 = ref 19, LLP04|12 = ref 19, LLP05|13 = ref 19, LLP06|14 = ref 19, LLP07|15 = ref 19, LLP08|16 = ref 19, LLP09|17 = ref 19, LLP10|18 = ref 19, PW01|19 = ref 19, PW02|20 = ref 19, SH01|21 = ref 19, SH02|22 = ref 19, SH03|23 = ref 19, SH04|24 = ref 19, SH05|25 = ref 19, SH06|26 = ref 19, SH07|27 = ref 19, SH08|28 = ref 19, SH09|29 = ref 19, SH10|30 = ref 19, SH11|31 = ref 19, SPS01|32 = ref 19, SPS02|33 = ref 19, SPS03|34 = ref 19, SPS04|1  = ref 20, 1PP1TH|2  = ref 20, 2PP1TH|3  = ref 20, 3PP1TH|4  = ref 20, 4PP1TH|5  = ref 20, 5PP1TH|6  = ref 20, 6PP1TH|7  = ref 20, 7PP1TH|8  = ref 20, 1PP2PC|9  = ref 20, 2PP2PC|10 = ref 20, 3PP2PC|11 = ref 20, 4PP2PC|12 = ref 20, 5PP2PC|13 = ref 20, 1PP3PC|14 = ref 20, 2PP3PC|15 = ref 20, 3PP3PC|16 = ref 20, 1PP3CC|17 = ref 20, 2PP3CC|18 = ref 20, 1PPSP3PC|19 = ref 20, 2PPSP3PC|20 = ref 20, 3PPSP3PC|21 = ref 20, 1SP3PC|22 = ref 20, 2SP3PC|23 = ref 20, 1PP1|24 = ref 20, 1PP2|25 = ref 20, 2PP2|26 = ref 20, 1PP3|1  = ref 21, PJ01|2  = ref 21, PJ02|3  = ref 21, PJ03|4  = ref 21, PJ04|5  = ref 21, PJ05|6  = ref 21, PJ06|7  = ref 21, PJ07|8  = ref 21, PJ08|9  = ref 21, PJ09|10 = ref 21, PJ10|11 = ref 21, PJ11|12 = ref 21, PJ12|13 = ref 21, PJ13|14 = ref 21, PJ14|15 = ref 21, SWSB01|16 = ref 21, SWSB02|17 = ref 21, SWSB03|18 = ref 21, SWSB04|19 = ref 21, SWSB05|20 = ref 21, SWSB06|21 = ref 21, SWSB07|22 = ref 21, SWSB08|23 = ref 21, SWSB09|24 = ref 21, SWSB10|25 = ref 21, SWSB11|1  = ref 22, HIF01|2  = ref 22, HIF02|3  = ref 22, HIF03|4  = ref 22, HIF04|5  = ref 22, HIF05|6  = ref 22, HIF06|7  = ref 22, HIF07|8  = ref 22, HIF08|9  = ref 22, HIF09|10 = ref 22, HIG01|11 = ref 22, HIG02|12 = ref 22, HIG03|13 = ref 22, HIG04|14 = ref 22, HIG05|15 = ref 22, HIG06|16 = ref 22, HIG07|17 = ref 22, HIG08|18 = ref 22, HIG09|19 = ref 22, HIG10|20 = ref 22, HIG11|21 = ref 22, HIG12|22 = ref 22, HIG13|23 = ref 22, HIS01|24 = ref 22, HIS02|25 = ref 22, HIS03|26 = ref 22, HIS04|27 = ref 22, HIS05|28 = ref 22, HIS06|29 = ref 22, HIS07|30 = ref 22, HIW01|31 = ref 22, HIW02|32 = ref 22, HIW03|33 = ref 22, HIW04|34 = ref 22, HIW05|35 = ref 22, HIW06|36 = ref 22, HIW07|1  = ref 23, 1DFWHPRE01|2  = ref 23, 1DFWHPRE02|3  = ref 23, 1DFWHPRE03|4  = ref 23, 1DFWHPRE04|5  = ref 23, 1DFWHPRE05|6  = ref 23, 1DFWHPRE06|7  = ref 23, 1DFWHPRE07|8  = ref 23, 1DFWHPRE08|9  = ref 23, 1DFWHPRE09|10 = ref 23, 1DFWHPRE10|11 = ref 23, 1DFWHPRE11|12 = ref 23, 1DFWHPRE12|13 = ref 23, 1DFWHPRE13|14 = ref 23, 1DFWHPRE14|15 = ref 23, 1DFWHPRE15|16 = ref 23, 1DFWHPRE16|17 = ref 23, 1DFWHPRE17|18 = ref 23, 1DFWHPRE18|19 = ref 23, 1DFWHPRE19|20 = ref 23, 2DFWHPOST01|21 = ref 23, 2DFWHPOST02|22 = ref 23, 2DFWHPOST03|23 = ref 23, 2DFWHPOST04|24 = ref 23, 2DFWHPOST05|25 = ref 23, 2DFWHPOST06|26 = ref 23, 2DFWHPOST07|1  = ref 24, 1LL2N|2  = ref 24, 2LL2H|3  = ref 24, 3LL3N|4  = ref 24, 4LL2H|5  = ref 24, 5LL1P|6  = ref 24, 6LL3H|7  = ref 24, 7LL3H|8  = ref 24, 8LL3N|9  = ref 24, 9LL3H|10 = ref 24, 1WP3N|11 = ref 24, 2WP2P|12 = ref 24, 3WP3N|13 = ref 24, 4WP3H|14 = ref 24, 5WP3H|15 = ref 24, 6WP2H|16 = ref 24, 7WP3N|17 = ref 24, 1PP1N|18 = ref 24, 2PP2N|19 = ref 24, 3PP1N|20 = ref 24, 4PP1N|21 = ref 24, 5PP2N|22 = ref 24, 6PP2N|23 = ref 24, 7PP3H|24 = ref 24, 1VP2N|25 = ref 24, 2VP2N|26 = ref 24, 3VP3N|27 = ref 24, 4VP2N|1  = ref 25, 1A21N|2  = ref 25, 2A22N|3  = ref 25, 3B21N|4  = ref 25, 4A22N|5  = ref 25, 5B12N|6  = ref 25, 6A12N|7  = ref 25, 7B22N|8  = ref 25, 8A22N|9  = ref 25, 9A11N|10 = ref 25, 10A22CC|11 = ref 25, 11B22CC|12 = ref 25, 12A22CC|13 = ref 25, 13A22CC|14 = ref 25, 14B23CC|1  = ref 26, FC1PRE|2  = ref 26, FC1POST|3  = ref 26, FC2PRE|4  = ref 26, FC2POST|5  = ref 26, FC3PRE|6  = ref 26, FC3POST|7  = ref 26, FC4PRE|8  = ref 26, FC4POST|9  = ref 26, FC5PRE|10 = ref 26, FC5POST|11 = ref 26, FC6PRE|12 = ref 26, FC6POST|13 = ref 26, FC7PRE|14 = ref 26, FC7POST|15 = ref 26, FC8PRE|16 = ref 26, FC8POST|1  = ref 27, CDO01|2  = ref 27, CDO02|3  = ref 27, CDO03|4  = ref 27, CDO04|5  = ref 27, CDO05|6  = ref 27, CDO06|7  = ref 27, CDO07|8  = ref 27, CDO08|9  = ref 27, CDO09|10 = ref 27, MCS01|11 = ref 27, MCS02|12 = ref 27, MCS03|13 = ref 27, MCS04|14 = ref 27, MCS05|15 = ref 27, MCS06|16 = ref 27, MCS07|17 = ref 27, MCS08|18 = ref 27, MCS09|19 = ref 27, MCS10|20 = ref 27, MCS11|21 = ref 27, WO01|22 = ref 27, WO02|23 = ref 27, WO03|24 = ref 27, WO04|25 = ref 27, WO05|26 = ref 27, WO06|27 = ref 27, WO07|28 = ref 27, WO08|29 = ref 27, WO09|30 = ref 27, WO10|1  = ref 28, 1MC4RC|2  = ref 28, 2MC4RC|3  = ref 28, 3MC4RC|4  = ref 28, 1MC4PC|5  = ref 28, 2MC4PC|6  = ref 28, 3MC4PC|7  = ref 28, 4MC4PC|8  = ref 28, 5MC4PC|9  = ref 28, 6MC4PC|10 = ref 28, 7MC4PC|11 = ref 28, 8MC4PC|12 = ref 28, 1MC3PC|13 = ref 28, 2MC3PC|14 = ref 28, 3MC3PC|15 = ref 28, 4MC3PC|16 = ref 28, 5MC3PC|17 = ref 28, 6MC3PC|18 = ref 28, 7MC3PC|19 = ref 28, 8MC3PC|20 = ref 28, 1TF4RC|21 = ref 28, 2TF4RC|22 = ref 28, 3TF4RC|23 = ref 28, 4TF4RC|24 = ref 28, 5TF4RC|25 = ref 28, 6TF4RC|26 = ref 28, 1TF4PC|27 = ref 28, 2TF4PC|28 = ref 28, 3TF4PC|29 = ref 28, 4TF4PC|30 = ref 28, 5TF4PC|1  = ref 29, 6A|2  = ref 29, 6B|3  = ref 29, 8A|4  = ref 29, 8B|5  = ref 29, 10A|6  = ref 29, 10B|7  = ref 29, 12A|8  = ref 29, 12B|9  = ref 29, 14A|10 = ref 29, 14B|11 = ref 29, 16A|12 = ref 29, 16B|13 = ref 29, 18A|14 = ref 29, 18B|15 = ref 29, 20A|16 = ref 29, 20B|1  = ref 30, 3D|2  = ref 30, 3Dpost|3  = ref 30, 2A|4  = ref 30, 2Apost|5  = ref 30, 3B|6  = ref 30, 3Bpost|7  = ref 30, 2C|8  = ref 30, 2Cpost|9  = ref 30, 2D|10 = ref 30, 2Dpost|11 = ref 30, 1A|12 = ref 30, 1Apost|13 = ref 30, 1C|14 = ref 30, 1Cpost|15 = ref 30, 1D|16 = ref 30, 1Dpost|1  = ref 31, 1|2  = ref 31, 2|3  = ref 31, 3|4  = ref 31, 4|5  = ref 31, 5|6  = ref 31, 6|7  = ref 31, 7|8  = ref 31, 8|9  = ref 31, 9|10 = ref 31, 10|1  = ref 32, 1A|2  = ref 32, 1B|3  = ref 32, 1C|4  = ref 32, 2A|5  = ref 32, 2B|6  = ref 32, 3A|7  = ref 32, 3B|8  = ref 32, 4A|9  = ref 32, 4B|10 = ref 32, 4C|11 = ref 32, 5A|12 = ref 32, 5B|13 = ref 32, 5C|14 = ref 32, 6A|15 = ref 32, 6B|16 = ref 32, 6C|17 = ref 32, 7A|18 = ref 32, 7B|19 = ref 32, 7C|20 = ref 32, 8A|21 = ref 32, 9A|22 = ref 32, 9B|23 = ref 32, 10A|24 = ref 32, 10B|25 = ref 32, 10C|26 = ref 32, 11A|27 = ref 32, 12A|28 = ref 32, 12B|29 = ref 32, 12C|30 = ref 32, 13A|31 = ref 32, 13B|32 = ref 32, 13C|33 = ref 32, 13D|34 = ref 32, 13E|35 = ref 32, 14A|36 = ref 32, 14B|37 = ref 32, 14C|38 = ref 32, 14D|39 = ref 32, 14E",""
"fire","FuelInit",1,"numberBox","Initial fuel levels for hard fuels 0-.25"" (tons/acre)","blank 0 Fmax",NA,NA,"",""
"fire","FuelInit",2,"numberBox","Initial fuel levels for hard fuels .25-1"" (tons/acre)","blank 0 Fmax",NA,NA,"",""
"fire","FuelInit",3,"numberBox","Initial fuel levels for hard fuels 1-3"" (tons/acre)","blank 0 Fmax",NA,NA,"",""
"fire","FuelInit",4,"numberBox","Initial fuel levels for hard fuels 3-6"" (tons/acre)","blank 0 Fmax",NA,NA,"",""
"fire","FuelInit",5,"numberBox","Initial fuel levels for hard fuels 6-12""(tons/acre)","blank 0 Fmax",NA,NA,"",""
"fire","FuelInit",6,"numberBox","Initial fuel levels for hard fuels 12-20"" (tons/acre)","blank 0 Fmax",NA,NA,"",""
"fire","FuelInit",7,"numberBox","Initial fuel levels for hard fuels 20-35""(tons/acre)","blank 0 Fmax",NA,NA,"",""
"fire","FuelInit",8,"numberBox","Initial fuel levels for hard fuels 35-50""(tons/acre)","blank 0 Fmax",NA,NA,"",""
"fire","FuelInit",9,"numberBox","Initial fuel levels for hard fuels >50""(tons/acre)","blank 0 Fmax",NA,NA,"",""
"fire","FuelInit",10,"numberBox","Initial fuel levels for litter (tons/acre)","blank 0 Fmax",NA,NA,"",""
"fire","FuelInit",11,"numberBox","Initial fuel levels for duff (tons/acre)","blank 0 Fmax",NA,NA,"",""
"fire","FuelModl",1,"scheduleBox","","",NA,NA,"",""
"fire","FuelModl",2,"listButtonString","First fuel model:","0 = Use automatic selection",NA,NA,"0 = Use automatic selection|1 = Short grass|2 = Timber (grass & understory)|3 = Tall grass|4 = Chaparral|5 = Brush|6 = Dormant brush, hardwood slash|7 = Southern rough|8 = Closed timber litter|9 = Hardwood litter|10 = Timber (litter & understory|11 = Light logging slash|12 = Medium logging slash|13 = Heavy logging slash|14 = Light-medium logging slash|15 = User defined (see DeFulMod)|16 = User defined (see DeFulMod)|17 = User defined (see DeFulMod)|18 = User defined (see DeFulMod)|19 = User defined (see DeFulMod)|20 = User defined (see DeFulMod)|21 = User defined (see DeFulMod)|22 = User defined (see DeFulMod)|23 = User defined (see DeFulMod)|24 = User defined (see DeFulMod)|25 = User defined (see DeFulMod)|26 = User defined (see DeFulMod)|27 = User defined (see DeFulMod)|28 = User defined (see DeFulMod)|29 = User defined (see DeFulMod)|30 = User defined (see DeFulMod)|101 = GR1 Short sparse dry climate grass|102 = GR2 Low load dry climate grass|103 = GR3 Low load very coarse humid climate grass|104 = GR4 Moderate load dry climate grass|105 = GR5 Low load humid climate grass|106 = GR6 Moderate load humid climate grass|107 = GR7 High load dry climate grass|108 = GR8 High load very coarse humid climate grass|109 = GR9 Very high load humid climate grass|121 = GS1 Low load dry climate grass-shrub|122 = GS2 Moderate load dry climate grass-shrub|123 = GS3 Moderate load humid climate grass-shrub|124 = GS4 High load humid climate grass-shrub|141 = SH1 Low load dry climate shrub|142 = SH2 Moderate load dry climate shrub|143 = SH3 Moderate load humid climate shrub|144 = SH4 Low load humid climate timber-shrub|145 = SH5 High load dry climate shrub|146 = SH6 Low load humid climate shrub|147 = SH7 Very high load dry climate shrub|148 = SH8 High load humid climate shrub|149 = SH9 Very high load humid climate shrub|161 = TU1 Low load dry climate timber-grass-shrub|162 = TU2 Moderate load humid climate timber-shrub|163 = TU3 Moderate load humid climate timber-grass-shrub|164 = TU4 Dwarf conifer with understory|165 = TU5 Very high load dry climate timber-shrub|181 = TL1 Low load compact conifer litter|182 = TL2 Low load broadleaf litter|183 = TL3 Moderate load conifer litter|184 = TL4 Small downed logs|185 = TL5 High load conifer litter|186 = TL6 Moderate load broadleaf litter|187 = TL7 Large downed logs|188 = TL8 Long-needle litter|189 = TL9 Very high load broadleaf litter|201 = SB1 Low load activity fuel|202 = SB2 Moderate load activity fuel or low load blowdown|203 = SB3 High load activity fuel or moderate load blowdown|204 = SB4 High load blowdown",""
"fire","FuelModl",3,"sliderBox","Weight given the first fuel model:","1",0,1,"",""
"fire","FuelModl",4,"listButtonString","Second fuel model:","",NA,NA,"",""
"fire","FuelModl",5,"sliderBox","Weight given the second fuel model:","",NA,NA,"",""
"fire","FuelModl",6,"listButtonString","Third fuel model:","",NA,NA,"",""
"fire","FuelModl",7,"sliderBox","Weight given the third fuel model:","",NA,NA,"",""
"fire","FuelModl",8,"listButtonString","Fourth fuel model:","",NA,NA,"",""
"fire","FuelModl",9,"sliderBox","Weight given the fourth fuel model:","",NA,NA,"",""
"fire","FuelMove",1,"scheduleBox","","",NA,NA,"",""
"fire","FuelMove",2,"listButton","Source fuel pool:","GE 12, LT 20 inches",NA,NA,"None, add to the stand|GE 0, LT 0.25 inches|GE 0.25, LT 1 inch|GE 1, LT 3 inches|GE 3, LT 6 inches|GE 6, LT 12 inches|GE 12, LT 20 inches|GE 20, LT 35 inches|GE 35, LT 50 inches|GE 50 inches|Litter|Duff",""
"fire","FuelMove",3,"listButton","Destination fuel pool:","Duff",NA,NA,"None, remove from the stand|GE 0, LT 0.25 inches|GE 0.25, LT 1 inch|GE 1, LT 3 inches|GE 3, LT 6 inches|GE 6, LT 12 inches|GE 12, LT 20 inches|GE 20, LT 35 inches|GE 35, LT 50 inches|GE 50 inches|Litter|Duff",""
"fire","FuelMove",4,"numberBox","Amount of fuel from the source (tons/acre):","blank 0 Fmax",NA,NA,"",""
"fire","FuelMove",5,"numberBox","Proportion of fuel from the source:","blank 0 1",NA,NA,"",""
"fire","FuelMove",6,"numberBox","Residual fuel in source (tons/acre):","blank 0 Fmax",NA,NA,"",""
"fire","FuelMove",7,"numberBox","Final amount in target (tons/acre):","blank 0 Fmax",NA,NA,"",""
"fire","FuelMult",1,"sliderBox","Multiplier for decay class 1.","1",0,10,"",""
"fire","FuelMult",2,"sliderBox","Multiplier for decay class 2.","1",0,10,"",""
"fire","FuelMult",3,"sliderBox","Multiplier for decay class 3.","1",0,10,"",""
"fire","FuelMult",4,"sliderBox","Multiplier for decay class 4.","1",0,10,"",""
"fire","FuelPool",1,"speciesSelection","Species","",NA,NA,"",""
"fire","FuelPool",2,"listButtonString","Decay rate class for this species:","1 = class 1 (very slow)",NA,NA,"1 = class 1 (very slow)|2 = class 2 (slow)|3 = class 3 (fast)|4 = class 4 (very fast)",""
"fire","FuelSoft",1,"numberBox","Initial fuel levels for soft fuels 0-.25"" (tons/acre)","blank 0 Fmax",NA,NA,"",""
"fire","FuelSoft",2,"numberBox","Initial fuel levels for soft fuels .25-1"" (tons/acre)","blank 0 Fmax",NA,NA,"",""
"fire","FuelSoft",3,"numberBox","Initial fuel levels for soft fuels 1-3"" (tons/acre)","blank 0 Fmax",NA,NA,"",""
"fire","FuelSoft",4,"numberBox","Initial fuel levels for soft fuels 3-6"" (tons/acre)","blank 0 Fmax",NA,NA,"",""
"fire","FuelSoft",5,"numberBox","Initial fuel levels for soft fuels 6-12""(tons/acre)","blank 0 Fmax",NA,NA,"",""
"fire","FuelSoft",6,"numberBox","Initial fuel levels for soft fuels 12-20"" (tons/acre)","blank 0 Fmax",NA,NA,"",""
"fire","FuelSoft",7,"numberBox","Initial fuel levels for soft fuels 20-35""(tons/acre)","blank 0 Fmax",NA,NA,"",""
"fire","FuelSoft",8,"numberBox","Initial fuel levels for soft fuels 35-50""(tons/acre)","blank 0 Fmax",NA,NA,"",""
"fire","FuelSoft",9,"numberBox","Initial fuel levels for soft fuels >50""(tons/acre)","blank 0 Fmax",NA,NA,"",""
"fire","FuelTret",1,"scheduleBox","","",NA,NA,"",""
"fire","FuelTret",2,"listButtonString","Fuel treatment type:","0 = none",NA,NA,"0 = none|1 = lopping/flailing|2 = trampling/chopping/crushing/chipping",""
"fire","FuelTret",3,"listButtonString","Harvest type:","1 = ground-based cat skidding",NA,NA,"1 = ground-based cat skidding|1 = ground-base line skidding|2 = high lead or skyline|3 = precommercial harvest|3 = helicopter logging",""
"fire","FuelTret",4,"numberBox","Multiplier used to adjust fuel depth","blank",NA,NA,"",""
"fire","Moisture",1,"scheduleBox","","",NA,NA,"",""
"fire","Moisture",2,"sliderBox","Moisture value for 1 hour fuels (% water)","12",0,400,"",""
"fire","Moisture",3,"sliderBox","Moisture value for 10 hour fuels (% water)","12",0,400,"",""
"fire","Moisture",4,"sliderBox","Moisture value for 100 hour fuels (% water)","14",0,400,"",""
"fire","Moisture",5,"sliderBox","Moisture value for 3+ fuels (% water)","25",0,400,"",""
"fire","Moisture",6,"sliderBox","Moisture value for duff fuels (% water)","125",0,400,"",""
"fire","Moisture",7,"sliderBox","Moisture value for live woody fuels (% water)","150",0,400,"",""
"fire","Moisture",8,"sliderBox","Moisture value for live herb fuels (% water)","150",0,400,"",""
"fire","MortClas",1,"sliderBox","Lower dbh boundary for class number 1 (inches)","0",0,100,"",""
"fire","MortClas",2,"sliderBox","Lower dbh boundary for class number 2 (inches)","5",0,100,"",""
"fire","MortClas",3,"sliderBox","Lower dbh boundary for class number 3 (inches)","10",0,100,"",""
"fire","MortClas",4,"sliderBox","Lower dbh boundary for class number 4 (inches)","20",0,100,"",""
"fire","MortClas",5,"sliderBox","Lower dbh boundary for class number 5 (inches)","30",0,100,"",""
"fire","MortClas",6,"sliderBox","Lower dbh boundary for class number 6 (inches)","40",0,100,"",""
"fire","MortClas",7,"sliderBox","Lower dbh boundary for class number 7 (inches)","50",0,100,"",""
"fire","PileBurn",1,"scheduleBox","","",NA,NA,"",""
"fire","PileBurn",2,"listButtonString","Fuel treatment:","1 = Pile burn",NA,NA,"1 = Pile burn|2 = Jackpot burn",""
"fire","PileBurn",3,"numberBox","(a.k.a the affected area):","blank 0 100",NA,NA,"",""
"fire","PileBurn",4,"numberBox","Percent of affected area where fuel is concentrated:","blank 0 100",NA,NA,"",""
"fire","PileBurn",5,"numberBox","Percent of fuel in affected area that is collected:","blank 0 100",NA,NA,"",""
"fire","PileBurn",6,"numberBox","Percent mortality of trees as a result of this treatment:","blank 0 100",NA,NA,"",""
"fire","PotFMois",1,"listButtonString","Values apply to:","1 = severe fires",NA,NA,"1 = severe fires|2 = moderate fires",""
"fire","PotFMois",2,"numberBox","Percent moisture for 1-hour fuel (0-0.25"")","blank",NA,NA,"",""
"fire","PotFMois",3,"numberBox","Percent moisture for 10-hour fuel (0.25-1"")","",NA,NA,"",""
"fire","PotFMois",4,"numberBox","Percent moisture for 100-hour fuel (1-3"")","",NA,NA,"",""
"fire","PotFMois",5,"numberBox","Percent moisture for 3""+ fuel","",NA,NA,"",""
"fire","PotFMois",6,"numberBox","Percent moisture for duff","",NA,NA,"",""
"fire","PotFMois",7,"numberBox","Percent moisture for live woody fuels","",NA,NA,"",""
"fire","PotFMois",8,"numberBox","Percent moisture for live herb fuels","",NA,NA,"",""
"fire","PotFPAB",1,"sliderBox","Percentage of the stand area burned for severe fires (%):","100",0,100,"",""
"fire","PotFPAB",2,"sliderBox","Percentage of the stand area burned for moderate fires (%):","100",0,100,"",""
"fire","PotFSeas",1,"listButtonString","Season of severe fires:","1 = Early spring (compact leaves)",NA,NA,"1 = Early spring (compact leaves)|2 = Before greenup|3 = After greenup (before fall)|4 = Fall",""
"fire","PotFSeas",2,"listButtonString","Season of moderate fires:","1 = Early spring (compact leaves)",NA,NA,"1 = Early spring (compact leaves)|2 = Before greenup|3 = After greenup (before fall)|4 = Fall",""
"fire","PotFTemp",1,"sliderBox","Temperature for severe fires (F):","70",0,130,"","ls=ls"
"fire","PotFTemp",2,"sliderBox","Temperature for moderate fires (F):","70",0,130,"","ls=ls ;; sn=sn"
"fire","PotFWind",1,"sliderBox","20-foot wind speed for severe fires (mph) :","20",0,100,"","ls=ls"
"fire","PotFWind",2,"sliderBox","20-foot wind speed for moderate fires (mph):","6",0,100,"","ls=ls ;; sn=sn"
"fire","Salvage",1,"scheduleBox","","",NA,NA,"",""
"fire","Salvage",2,"sliderBox","Minimum dbh of snags to be removed","0",0,0,"",""
"fire","Salvage",3,"sliderBox","Maximum dbh of snags to be removed","200",0,0,"",""
"fire","Salvage",4,"sliderBox","Maximum number of years snags can have been dead","5",1,1,"",""
"fire","Salvage",5,"listButtonString","Decay state to remove:"," 1 = Hard snags only",NA,NA,"0 = Hard or soft snags| 1 = Hard snags only|2 = Soft snags only",""
"fire","Salvage",6,"sliderBox","Proportion of eligible snags to fell","0.9",0,1,"",""
"fire","Salvage",7,"sliderBox","Proportion of felled snags that are left in the stand","0",0,1,"",""
"fire","SalvSP",1,"scheduleBox","","",NA,NA,"",""
"fire","SalvSP",2,"speciesSelection","Species","",NA,NA,"",""
"fire","SalvSP",3,"listButtonString","Cut/Leave status for the species above:","0 = Cut this species",NA,NA,"0 = Cut this species|1 = Leave this species",""
"fire","SimFire",1,"scheduleBox","","",NA,NA,"",""
"fire","SimFire",2,"sliderBox","Wind speed (mph) at 20 feet above the vegetation","20",0,100,"",""
"fire","SimFire",3,"listButtonString","Moisture level for all fuels (this burn):","1 = Very Dry",NA,NA,"1 = Very Dry|2 = Dry|3 = Moist|4 = Wet","sn=sn"
"fire","SimFire",4,"sliderBox","Temperature (degrees Fahrenheit)","70",0,110,"",""
"fire","SimFire",5,"listButtonString","Mortality Code:"," 1 = FFE estimates mortality",NA,NA,"0 = Turn off FFE mortality| 1 = FFE estimates mortality",""
"fire","SimFire",6,"sliderBox","Percentage of stand area burned (%)","100",0,100,"",""
"fire","SimFire",7,"listButtonString","Season of this fire:","1 = Early spring (compact leaves)",NA,NA,"1 = Early spring (compact leaves)|2 = Before greenup|3 = After greenup (before fall)|4 = Fall",""
"fire","SnagBrk",1,"speciesSelection","Species","",NA,NA,"",""
"fire","SnagBrk",2,"numberBox","Years until a hard snag loses 50% height:","blank",NA,NA,"",""
"fire","SnagBrk",3,"numberBox","Years until a soft snag loses 50% height:","",NA,NA,"",""
"fire","SnagBrk",4,"numberBox","Years until a hard snag loses next 30% height:","",NA,NA,"",""
"fire","SnagBrk",5,"numberBox","Years until a soft snag loses next 30% height:","",NA,NA,"",""
"fire","SnagClas",1,"sliderBox","Lower dbh boundary for snag class number 1 (inches)","0",0,36,"",""
"fire","SnagClas",2,"sliderBox","Lower dbh boundary for snag class number 2 (inches)","12",0,36,"",""
"fire","SnagClas",3,"sliderBox","Lower dbh boundary for snag class number 3 (inches)","18",0,36,"",""
"fire","SnagClas",4,"sliderBox","Lower dbh boundary for snag class number 4 (inches)","24",0,36,"",""
"fire","SnagClas",5,"sliderBox","Lower dbh boundary for snag class number 5 (inches)","30",0,36,"",""
"fire","SnagClas",6,"sliderBox","Lower dbh boundary for snag class number 6 (inches)","36",0,36,"",""
"fire","SnagDCay",1,"speciesSelection","Species","",NA,NA,"",""
"fire","SnagDCay",2,"sliderBox","Rate-of-decay adjustment multiplier","1",0,0,"",""
"fire","SnagFall",1,"speciesSelection","Species","",NA,NA,"",""
"fire","SnagFall",2,"sliderBox","Rate-of-fall correction factor for this species","1",0.001,0.001,"",""
"fire","SnagFall",3,"sliderBox","Age by which last 5% of larger snags have fallen","100",0,50,"",""
"fire","SnagInit",1,"speciesSelection","Species","deleteAll",NA,NA,"",""
"fire","SnagInit",2,"sliderBox","dbh at the time of death","10",0,0,"",""
"fire","SnagInit",3,"sliderBox","Height at the time of death","100",0,0,"",""
"fire","SnagInit",4,"sliderBox","Current height","100",0,0,"",""
"fire","SnagInit",5,"sliderBox","Number of years tree has been dead","0",0,0,"",""
"fire","SnagInit",6,"sliderBox","Number of snags/acre with these characteristics","1",0,0,"",""
"fire","SnagOut",1,"scheduleBox","","",NA,NA,"",""
"fire","SnagOut",2,"sliderBox","Reporting period duration (years)","200",0,400,"",""
"fire","SnagOut",3,"intNumberBox","I/O data set reference number for the output","35 1 100",NA,NA,"",""
"fire","SnagOut",4,"listButtonString","Print report headings?","0 = Yes",NA,NA,"0 = Yes|1 = No",""
"fire","SnagPBN",1,"sliderBox","Proportion of soft snags that will fall faster after a fire","1",0,1,"",""
"fire","SnagPBN",2,"sliderBox","Proportion of small snags that will fall faster after a fire","0.9",0,1,"",""
"fire","SnagPBN",3,"sliderBox","Number of years it will take for these snags to fall","7",1,1,"",""
"fire","SnagPBN",4,"sliderBox","dbh that divides small snags from large snags","12",0,0,"",""
"fire","SnagPBN",5,"sliderBox","Scorch height above which this increased rate will apply (feet)","0",0,0,"",""
"fire","SnagPSft",1,"speciesSelection","Species","",NA,NA,"",""
"fire","SnagPSft",2,"sliderBox","Proportion soft when the trees die.","0",0,1,"",""
"fire","SoilHeat",1,"listButtonString","Soil Type:","3 = Fine",NA,NA,"1 = Loamy skeletal|2 = Fine silt|3 = Fine|4 = Coarse silt|5 = Coarse loam",""
"fire","SVImages",1,"numberBox","Number of frames (images) desired:","3 2 30",NA,NA,"",""
"mist","MisTable",1,"scheduleBox","","",NA,NA,"",""
"mist","MisTable",2,"listButton","Species to be printed","",NA,NA,"","ni ie kt=ni ie kt ;; ca=ca ;; ci=ci ;; so=so ;; ut=ut ;; tt=tt ;; em=em ;; ws=ws ;; bm=bm ;; ec=ec ;; nc=nc ;; cr sw sp bp sf lp=cr sw sp bp sf lp ;; wc pn=wc pn ;; bc=bc"
"mist","MisTable",6,"","","",NA,NA,"","ak=ak"
"mist","MistGMod",1,"scheduleBox","","",NA,NA,"",""
"mist","MistGMod",2,"listButton","Species to which the multiplier applies","",NA,NA,"","ni ie kt=ni ie kt ;; ca=ca ;; ci=ci ;; so=so ;; ut=ut ;; tt=tt ;; em=em ;; ws=ws ;; bm=bm ;; ec=ec ;; nc=nc ;; cr sw sp bp sf lp=cr sw sp bp sf lp ;; wc pn=wc pn"
"mist","MistGMod",3,"sliderBox","Proportion for changing diameter growth with DMR=1","1",0,1,"",""
"mist","MistGMod",4,"sliderBox","Proportion for changing diameter growth with DMR=2","1",0,1,"",""
"mist","MistGMod",5,"sliderBox","Proportion for changing diameter growth with DMR=3","0.95",0,1,"",""
"mist","MistGMod",6,"sliderBox","Proportion for changing diameter growth with DMR=4","0.83",0,1,"","ak=ak"
"mist","MistGMod",7,"sliderBox","Proportion for changing diameter growth with DMR=5","0.65",0,1,"",""
"mist","MistGMod",8,"sliderBox","Proportion for changing diameter growth with DMR=6","0.49",0,1,"",""
"mist","MistHMod",1,"scheduleBox","","",NA,NA,"",""
"mist","MistHMod",2,"listButton","Species to which the multiplier applies","",NA,NA,"","ni ie kt=ni ie kt ;; ca=ca ;; ci=ci ;; so=so ;; ut=ut ;; tt=tt ;; em=em ;; ws=ws ;; bm=bm ;; ec=ec ;; nc=nc ;; cr sw sp bp sf lp=cr sw sp bp sf lp ;; wc pn=wc pn"
"mist","MistHMod",3,"sliderBox","Proportion of expected height growth with DMR=1","1",0,1,"",""
"mist","MistHMod",4,"sliderBox","Proportion of expected height growth with DMR=2","1",0,1,"",""
"mist","MistHMod",5,"sliderBox","Proportion of expected height growth with DMR=3","0.95",0,1,"",""
"mist","MistHMod",6,"sliderBox","Proportion of expected height growth with DMR=4","0.65",0,1,"","ak=ak"
"mist","MistHMod",7,"sliderBox","Proportion of expected height growth with DMR=5","0.5",0,1,"",""
"mist","MistHMod",8,"sliderBox","Proportion of expected height growth with DMR=6","0.1",0,1,"",""
"mist","MistMort",1,"scheduleBox","","",NA,NA,"",""
"mist","MistMort",2,"listButton","Species to which multiplier is applied","",NA,NA,"","ni ie kt=ni ie kt ;; ca=ca ;; ci=ci ;; so=so ;; ut=ut ;; tt=tt ;; em=em ;; ws=ws ;; bm=bm ;; ec=ec ;; nc=nc ;; cr sw sp bp sf lp=cr sw sp bp sf lp ;; wc pn=wc pn"
"mist","MistMort",3,"sliderBox","Multiplier value","1",0,20,"",""
"mist","MistMort",6,"","","",NA,NA,"","ak=ak"
"mist","MistMult",1,"scheduleBox","","",NA,NA,"",""
"mist","MistMult",2,"listButton","Species to which multiplier is applied","",NA,NA,"","ni ie kt=ni ie kt ;; ca=ca ;; ci=ci ;; so=so ;; ut=ut ;; tt=tt ;; em=em ;; ws=ws ;; bm=bm ;; ec=ec ;; nc=nc ;; cr sw sp bp sf lp=cr sw sp bp sf lp ;; wc pn=wc pn"
"mist","MistMult",3,"sliderBox","Multiplier value","1",0,20,"",""
"mist","MistMult",6,"","","",NA,NA,"","ak=ak"
"mist","MistPInf",1,"scheduleBox","","",NA,NA,"",""
"mist","MistPInf",2,"listButton","Tree species to be infected","",NA,NA,"","ak=ak ;; ni ie kt=ni ie kt ;; ca=ca ;; ci=ci ;; so=so ;; ut=ut ;; tt=tt ;; em=em ;; ws=ws ;; bm=bm ;; ec=ec ;; nc=nc ;; cr sw sp bp sf lp=cr sw sp bp sf lp ;; wc pn=wc pn"
"mist","MistPInf",3,"sliderBox","Proportion of uninfected trees to be infected","0",0,1,"",""
"mist","MistPInf",4,"longListButton","Level of infection","1 = trees start with DMR 1",NA,NA,"1 = trees start with DMR 1|2 = trees start with DMR 1 or 2|3 = trees start with DMR 1,2 or 3|4 = trees start with DMR 1,2,3 or 4|5 = trees start with DMR 1,2,3,4 or 5|6 = trees start with DMR 1,2,3,4,5 or 6",""
"mist","MistPInf",5,"longListButton","Method of infection for the stand","Random infections throughout the species",NA,NA,"Random infections throughout the species|Infection moves from tallest to shortest|Infection moves from shortest to tallest",""
"mist","MistPref",1,"scheduleBox","","",NA,NA,"",""
"mist","MistPref",2,"listButton","Species for which cutting preference is changed","",NA,NA,"","ni ie kt=ni ie kt ;; ca=ca ;; ci=ci ;; so=so ;; ut=ut ;; tt=tt ;; ak=ak ;; em=em ;; ws=ws ;; bm=bm ;; ec=ec ;; nc=nc ;; cr sw sp bp sf lp=cr sw sp bp sf lp ;; wc pn=wc pn"
"mist","MistPref",3,"intNumberBox","Cutting preference corresponding to DMR = 1","",NA,NA,"",""
"mist","MistPref",4,"intNumberBox","Cutting preference corresponding to DMR = 2","",NA,NA,"",""
"mist","MistPref",5,"intNumberBox","Cutting preference corresponding to DMR = 3","",NA,NA,"",""
"mist","MistPref",6,"intNumberBox","Cutting preference corresponding to DMR = 4","",NA,NA,"",""
"mist","MistPref",7,"intNumberBox","Cutting preference corresponding to DMR = 5","",NA,NA,"",""
"mist","MistPref",8,"intNumberBox","Cutting preference corresponding to DMR = 6","",NA,NA,"",""
"organon","INPFile",1,"fileBrowse","Enter the *.inp file name","",NA,NA,"",""
"organon","OSUBFVOL",1,"numberBox","Board foot top DIB (inches). Minimum 2.0","6.0",NA,NA,"",""
"organon","OSUBFVOL",2,"numberBox","Board foot log trim allowance (inches).","8.0",NA,NA,"",""
"organon","OSUBFVOL",3,"numberBox","Board foot stump height, less than 4.5 feet","0.5",NA,NA,"",""
"organon","OSUBFVOL",4,"numberBox","Target log Length (feet)","32.0",NA,NA,"",""
"organon","OSUBFVOL",5,"numberBox","Minimum log length (feet).","8.0",NA,NA,"",""
"organon","OSUCFVOL",1,"numberBox","Softwood cubic foot top DIB (inches). 0.0=<DIB>=6.0","0.0",NA,NA,"",""
"organon","OSUCFVOL",2,"numberBox","Softwood cubic foot stump height, less than 4.5 feet","0.0",NA,NA,"",""
"organon","OSUCFVOL",3,"numberBox","Hardwood cubic foot top DIB (inches).","0.0",NA,NA,"",""
"phewrd3","BBClear",1,"noInput","Deactivate the default bark beetle events. The model will automatically
schedule bark beetle events for bark beetle types 1, 3, and 4 using the
default values unless BBClear, BBType1, BBType2, BBType3, or BBType4 are 
used.","",NA,NA,"",""
"phewrd3","BBOut",1,"noInput","Instructs the model to write a table of bark beetle output.","",NA,NA,"",""
"phewrd3","BBType1",1,"scheduleBox","","",NA,NA,"",""
"phewrd3","BBType1",2,"listButton","Number of outbreaks","Multiple outbreaks",NA,NA,"Multiple outbreaks|1 outbreak",""
"phewrd3","BBType1",3,"speciesSelection","Tree species to infest","deleteAll PP",NA,NA,"",""
"phewrd3","BBType1",4,"sliderBox","Mininimum DBH to infest (inches)","8",0,100,"",""
"phewrd3","BBType1",5,"sliderBox","Minimum density of eligible trees (trees/acre)","150",0,500,"",""
"phewrd3","BBType1",6,"sliderBox","Mortality rate applied to all eligible trees if an outbreak \
occurs","0.1",0,1,"",""
"phewrd3","BBType2",1,"scheduleBox","","",NA,NA,"",""
"phewrd3","BBType2",2,"listButton","Number of outbreaks","Multiple outbreaks",NA,NA,"Multiple outbreaks|1 outbreak",""
"phewrd3","BBType2",3,"speciesSelection","Tree species to infest","deleteAll DF",NA,NA,"",""
"phewrd3","BBType2",4,"sliderBox","Mininimum DBH to infest (inches)","0",0,100,"",""
"phewrd3","BBType2",5,"sliderBox","Minimum density of windthrown trees (trees/acre)","10",0,100,"",""
"phewrd3","BBType2",6,"sliderBox","Mortality rate applied to all eligible trees if an outbreak \
occurs","0.88",0,1,"",""
"phewrd3","BBType3",1,"scheduleBox","","",NA,NA,"",""
"phewrd3","BBType3",2,"listButton","Number of outbreaks","Multiple outbreaks",NA,NA,"Multiple outbreaks|1 outbreak",""
"phewrd3","BBType3",3,"speciesSelection","Tree species to infest","",NA,NA,"","bm=bm ;; ci=ci ;; ec=ec ;; em=em ;; ni=ni ;; so=so ;; ws=ws"
"phewrd3","BBType3",4,"sliderBox","Mininimum DBH to infest (inches)","10",0,100,"",""
"phewrd3","BBType3",5,"sliderBox","Minimum density of eligible trees (trees/acre)","10",0,100,"",""
"phewrd3","BBType3",6,"sliderBox","Minimum proportion of roots infected","0.3",0,1,"",""
"phewrd3","BBType3",7,"sliderBox","Mortality rate applied to all eligible trees if an outbreak \
occurs","0.88",0,1,"",""
"phewrd3","BBType4",1,"scheduleBox","","",NA,NA,"",""
"phewrd3","BBType4",2,"listButton","Number of outbreaks","Multiple outbreaks",NA,NA,"Multiple outbreaks|1 outbreak",""
"phewrd3","BBType4",3,"speciesSelection","Tree species to infest","deleteAll PP",NA,NA,"",""
"phewrd3","BBType4",4,"sliderBox","Mininimum DBH to infest (inches)","4",0,100,"",""
"phewrd3","BBType4",5,"sliderBox","Minimum density of eligible trees (trees/acre)","1",0,100,"",""
"phewrd3","BBType4",6,"sliderBox","Minimum proportion of roots infected","0.4",0,1,"",""
"phewrd3","BBType4",7,"sliderBox","Mortality rate applied to all eligible trees if an outbreak \
occurs","0.75",0,1,"",""
"phewrd3","BBType4",8,"sliderBox","Mortality rate applied to all eligible trees with little or \
no infection","0.3",0,1,"",""
"phewrd3","BBType4",9,"sliderBox","Mortality rate applied to all uninfected trees in the fringe \
area around the center","0.15",0,1,"",""
"phewrd3","BBType4",10,"sliderBox","Mortality rate applied to all uninfected trees outside the \
center","0.01",0,1,"",""
"phewrd3","DNSCalc",1,"listButton","Method of calculating outbreak density","trees/acre",NA,NA,"trees/acre|SDI",""
"phewrd3","DNSCalc",2,"listButton","Area used to calculate density","entire stand",NA,NA,"entire stand|area outside root disease patches",""
"phewrd3","DNSCalc",3,"listButton","Tree type to use to calculate density","only living trees",NA,NA,"only living trees|living trees and standing dead trees",""
"phewrd3","DNSCalc",4,"sliderBox","Slope of the SDI function","-1.605",-2.5,-0.5,"",""
"phewrd3","InfColo",1,"speciesSelection","Tree species to modify","deleteAll",NA,NA,"",""
"phewrd3","InfColo",2,"sliderBox","Maximum proportion of root system colonized after death","0",1,0,"",""
"phewrd3","InfKill",1,"speciesSelection","Tree species to change","deleteAll",NA,NA,"",""
"phewrd3","InfKill",2,"sliderBox","Proportion of the root system infected","0",0,1,"",""
"phewrd3","InfMult",1,"intNumberBox","Date","0",NA,NA,"",""
"phewrd3","InfMult",2,"speciesSelection","Tree species to change","deleteAll",NA,NA,"",""
"phewrd3","InfMult",3,"sliderBox","Probability of infection","0",0,1,"",""
"phewrd3","InfSims",1,"intSliderBox","Number of times to simulate inside-center dynamics","1",1,50,"",""
"phewrd3","InfSims",2,"listButton","Print output","No",NA,NA,"No|Yes",""
"phewrd3","InfSims",3,"longTextEdit","Name of file","",NA,NA,"",""
"phewrd3","InocLife",1,"textEdit","","0.02212",NA,NA,"",""
"phewrd3","InocLife",2,"textEdit","","1.2032",NA,NA,"",""
"phewrd3","InocLife",3,"textEdit","root radius decay stalls","0.16667",NA,NA,"",""
"phewrd3","InocLife",4,"textEdit","","0.0",NA,NA,"",""
"phewrd3","InocLife",5,"textEdit","","2.0",NA,NA,"",""
"phewrd3","InocLife",6,"textEdit","","0.0",NA,NA,"",""
"phewrd3","InocSpan",1,"intNumberBox","Minimum life span for Laminated root rot, in years","0 0 100",NA,NA,"",""
"phewrd3","PlotInf",1,"intNumberBox","1) Enter diseased sub-plot number","blank -999 9999",NA,NA,"",""
"phewrd3","PlotInf",2,"intNumberBox","1) Enter proportion of trees in plot infected","blank 0.0 1.0",NA,NA,"",""
"phewrd3","PlotInf",3,"intNumberBox","2) Enter diseased sub-plot number","blank -999 9999",NA,NA,"",""
"phewrd3","PlotInf",4,"intNumberBox","2) Enter proportion of trees in plot infected","blank 0.0 1.0",NA,NA,"",""
"phewrd3","PlotInf",5,"intNumberBox","3) Enter diseased sub-plot number","blank -999 9999",NA,NA,"",""
"phewrd3","PlotInf",6,"intNumberBox","3) Enter proportion of trees in plot infected","blank 0.0 1.0",NA,NA,"",""
"phewrd3","PlotInf",7,"intNumberBox","4) Enter diseased sub-plot number","blank -999 9999",NA,NA,"",""
"phewrd3","PlotInf",8,"intNumberBox","4) Enter proportion of trees in plot infected","blank 0.0 1.0",NA,NA,"",""
"phewrd3","PlotInf",9,"intNumberBox","5) Enter diseased sub-plot number","blank -999 9999",NA,NA,"",""
"phewrd3","PlotInf",10,"intNumberBox","5) Enter proportion of trees in plot infected","blank 0.0 1.0",NA,NA,"",""
"phewrd3","PlotInf",11,"intNumberBox","6) Enter diseased sub-plot number","blank -999 9999",NA,NA,"",""
"phewrd3","PlotInf",12,"intNumberBox","6) Enter proportion of trees in plot infected","blank 0.0 1.0",NA,NA,"",""
"phewrd3","PlotInf",13,"intNumberBox","7) Enter diseased sub-plot number","blank -999 9999",NA,NA,"",""
"phewrd3","PlotInf",14,"intNumberBox","7) Enter proportion of trees in plot infected","blank 0.0 1.0",NA,NA,"",""
"phewrd3","PlotInf",15,"intNumberBox","8) Enter diseased sub-plot number","blank -999 9999",NA,NA,"",""
"phewrd3","PlotInf",16,"intNumberBox","8) Enter proportion of trees in plot infected","blank 0.0 1.0",NA,NA,"",""
"phewrd3","PlotInf",17,"intNumberBox","9) Enter diseased sub-plot number","blank -999 9999",NA,NA,"",""
"phewrd3","PlotInf",18,"intNumberBox","9) Enter proportion of trees in plot infected","blank 0.0 1.0",NA,NA,"",""
"phewrd3","PlotInf",19,"intNumberBox","10) Enter diseased sub-plot number","blank -999 9999",NA,NA,"",""
"phewrd3","PlotInf",20,"intNumberBox","10) Enter proportion of trees in plot infected","blank 0.0 1.0",NA,NA,"",""
"phewrd3","PlotInf",21,"intNumberBox","11) Enter diseased sub-plot number","blank -999 9999",NA,NA,"",""
"phewrd3","PlotInf",22,"intNumberBox","11) Enter proportion of trees in plot infected","blank 0.0 1.0",NA,NA,"",""
"phewrd3","PlRead",1,"intNumberBox","Enter diseased sub-plot number","blank -999 9999",NA,NA,"",""
"phewrd3","PlRead",2,"intNumberBox","Enter diseased sub-plot number","blank -999 9999",NA,NA,"",""
"phewrd3","PlRead",3,"intNumberBox","Enter diseased sub-plot number","blank -999 9999",NA,NA,"",""
"phewrd3","PlRead",4,"intNumberBox","Enter diseased sub-plot number","blank -999 9999",NA,NA,"",""
"phewrd3","PlRead",5,"intNumberBox","Enter diseased sub-plot number","blank -999 9999",NA,NA,"",""
"phewrd3","PlRead",6,"intNumberBox","Enter diseased sub-plot number","blank -999 9999",NA,NA,"",""
"phewrd3","PlRead",7,"intNumberBox","Enter diseased sub-plot number","blank -999 9999",NA,NA,"",""
"phewrd3","PlRead",8,"intNumberBox","Enter diseased sub-plot number","blank -999 9999",NA,NA,"",""
"phewrd3","PlRead",9,"intNumberBox","Enter diseased sub-plot number","blank -999 9999",NA,NA,"",""
"phewrd3","PlRead",10,"intNumberBox","Enter diseased sub-plot number","blank -999 9999",NA,NA,"",""
"phewrd3","PlRead",11,"intNumberBox","Enter diseased sub-plot number","blank -999 9999",NA,NA,"",""
"phewrd3","PStump",1,"scheduleBox","","",NA,NA,"",""
"phewrd3","PStump",2,"sliderBox","Proportion of stumps to be removed","1",0,1,"",""
"phewrd3","PStump",3,"sliderBox","Minimum stump diameter (inches) for stump pushing","0",0,100,"",""
"phewrd3","RRComp",1,"intSliderBox","Number of records to which tree list is compressed","400",1,500,"",""
"phewrd3","RREcho",1,"longTextEdit","Name of file","",NA,NA,"",""
"phewrd3","RRInit",1,"longListButton","\
Disease center configuration","Disease centers randomly distributed",NA,NA,"Disease centers randomly distributed|Disease centers placed using supplemental records",""
"phewrd3","RRInit",2,"intNumberBox","Number of root disease centers to be located in the stand","20 1 100",NA,NA,"",""
"phewrd3","RRInit",3,"intNumberBox","Number of infected trees/arcre in the root disease centers","blank 1 100000",NA,NA,"",""
"phewrd3","RRInit",4,"intNumberBox","Number of uninfected trees/arcre in the root disease centers","blank 1 100000",NA,NA,"",""
"phewrd3","RRInit",5,"sliderBox","Average proportion of root infection","0.1",0,1,"",""
"phewrd3","RRInit",6,"numberBox","Total root disease area (acres)","blank 0 100000",NA,NA,"",""
"phewrd3","RRJump",1,"numberBox","Average root-system diameter multiplier for Laminated Root Rot","1.0 0.0 1000.0",NA,NA,"",""
"phewrd3","RRMinK",1,"intSliderBox","Time to death in years for Laminated Root Rot","0",0,100,"",""
"phewrd3","RSeed",1,"intNumberBox","Random number generator seed value","889347",NA,NA,"",""
"phewrd3","SArea",1,"numberBox","Stand area in acres","100 0 100000",NA,NA,"",""
"phewrd3","SDIRMult",1,"intSliderBox","The ""normal"" SDI (SDI at which the multiplier is 1)","369",0,1000,"",""
"phewrd3","SDIRMult",2,"intSliderBox","Slope of the relationship between SDI and multiplier","-0.0033",-10,10,"",""
"phewrd3","SMCOut",1,"longTextEdit","Name of file","",NA,NA,"",""
"phewrd3","Spread",1,"scheduleBox","","",NA,NA,"",""
"phewrd3","Spread",2,"longListButton","Type of spread model","Static spread model",NA,NA,"Static spread model|Dynamic spread model, different spread rates for each center|Dynamic spread model, average spread rate for each center",""
"phewrd3","Spread",3,"sliderBox","Static spread rate; Fixed annual spread rate for Laminated Root Rot","1",0,10,"",""
"phewrd3","Spread",4,"intSliderBox","Number of times to simulate the Monte Carlo spread model","1",1,50,"",""
"phewrd3","STRead",1,"speciesSelection","Tree species of stump","deleteAll",NA,NA,"",""
"phewrd3","STRead",2,"longListButton","\
Stump diameter class","0.0 to  12.0 inches",NA,NA,"0.0 to  12.0 inches|12.1 to  24.0 inches|24.1 to  48.0 inches|48.1 to 100.0 inches|larger than 100.0 inches",""
"phewrd3","STRead",3,"intNumberBox","Number of stumps of given species and diameter class","blank,1,100000",NA,NA,"",""
"phewrd3","STRead",4,"intSliderBox","Number of years since death","0",0,20,"",""
"phewrd3","TDistn",1,"intNumberBox","Year in which distribution changes to other type","0",NA,NA,"",""
"phewrd3","TDistn",2,"listButton","Current tree spatial distribution","Random tree distribution",NA,NA,"Random tree distribution|Gridded tree spacing",""
"phewrd3","TDistn",3,"numberBox","Standard deviation of mean distance between trees","1.0",NA,NA,"",""
"phewrd3","TimeDead",1,"intSliderBox","Number of years since death for size class  0-12""","5",0,20,"",""
"phewrd3","TimeDead",2,"intSliderBox","Number of years since death for size class 12-24""","10",0,20,"",""
"phewrd3","TimeDead",3,"intSliderBox","Number of years since death for size class 24-48""","15",0,20,"",""
"phewrd3","TimeDead",4,"intSliderBox","Number of years since death for size class 48-100""","15",0,20,"",""
"phewrd3","TimeDead",5,"intSliderBox","Number of years since death for size class > 100""","15",0,20,"",""
"phewrd3","TTDMult",1,"intNumberBox","Year value takes effect","0",NA,NA,"",""
"phewrd3","TTDMult",2,"speciesSelection","Tree species to modify","deleteAll",NA,NA,"",""
"phewrd3","TTDMult",3,"numberBox","Time-to-death multiplier","blank",NA,NA,"",""
"phewrd3","WindThr",1,"scheduleBox","","",NA,NA,"",""
"phewrd3","WindThr",2,"sliderBox","Proportion of eligible trees to be windthrown","0",0,1,"",""
"phewrd3","WindThr",3,"sliderBox","Minimum number of eligible trees/acre necessary for windthrow","0",0,1000,"",""
